datetime,testedPositive,peopleTested,hospitalized,serious,discharged,deaths,effectiveReproductionNumber,Tested Positive Diff,Tested Positive Diff(SMA5),Tested Positive Diff(SMA10)
2020-01-16,0.0,,,,,,,,,
2020-01-17,0.0,,,,,,,0.0,,
2020-01-18,0.0,,,,,,,0.0,,
2020-01-19,0.0,,,,,,,0.0,,
2020-01-20,0.0,,,,,,,0.0,,
2020-01-21,0.0,,,,,,,0.0,0.0,
2020-01-22,0.0,,,,,,,0.0,0.0,
2020-01-23,0.0,,,,,,,0.0,0.0,
2020-01-24,0.0,,,,,,,0.0,0.0,
2020-01-25,0.0,,,,,,,0.0,0.0,
2020-01-26,0.0,,,,,,,0.0,0.0,0.0
2020-01-27,0.0,,,,,,,0.0,0.0,0.0
2020-01-28,0.0,,,,,,,0.0,0.0,0.0
2020-01-29,0.0,,,,,,,0.0,0.0,0.0
2020-01-30,0.0,,,,,,,0.0,0.0,0.0
2020-01-31,0.0,,,,,,,0.0,0.0,0.0
2020-02-01,0.0,,,,,,,0.0,0.0,0.0
2020-02-02,0.0,,,,,,,0.0,0.0,0.0
2020-02-03,0.0,,,,,,,0.0,0.0,0.0
2020-02-04,0.0,,,,,,,0.0,0.0,0.0
2020-02-05,0.0,,,,,,,0.0,0.0,0.0
2020-02-06,0.0,,,,,,,0.0,0.0,0.0
2020-02-07,0.0,,,,,,,0.0,0.0,0.0
2020-02-08,0.0,,,,,,,0.0,0.0,0.0
2020-02-09,0.0,,,,,,,0.0,0.0,0.0
2020-02-10,0.0,,,,,,,0.0,0.0,0.0
2020-02-11,0.0,,,,,,,0.0,0.0,0.0
2020-02-12,0.0,,,,,,,0.0,0.0,0.0
2020-02-13,0.0,,,,,,,0.0,0.0,0.0
2020-02-14,0.0,,,,,,,0.0,0.0,0.0
2020-02-15,0.0,,,,,,,0.0,0.0,0.0
2020-02-16,0.0,,,,,,,0.0,0.0,0.0
2020-02-17,0.0,,,,,,,0.0,0.0,0.0
2020-02-18,0.0,,,,,,,0.0,0.0,0.0
2020-02-19,0.0,,,,,,,0.0,0.0,0.0
2020-02-20,0.0,,,,,,,0.0,0.0,0.0
2020-02-21,0.0,,,,,,,0.0,0.0,0.0
2020-02-22,0.0,,,,,,,0.0,0.0,0.0
2020-02-23,0.0,,,,,,,0.0,0.0,0.0
2020-02-24,0.0,,,,,,,0.0,0.0,0.0
2020-02-25,0.0,,,,,,,0.0,0.0,0.0
2020-02-26,0.0,,,,,,,0.0,0.0,0.0
2020-02-27,0.0,,,,,,,0.0,0.0,0.0
2020-02-28,0.0,,,,,,,0.0,0.0,0.0
2020-02-29,0.0,,,,,,,0.0,0.0,0.0
2020-03-01,0.0,,,,,,,0.0,0.0,0.0
2020-03-02,0.0,,,,,,,0.0,0.0,0.0
2020-03-03,0.0,,,,,,,0.0,0.0,0.0
2020-03-04,1.0,,,,,,,1.0,0.2,0.1
2020-03-05,3.0,,,,,,,2.0,0.6,0.3
2020-03-06,3.0,,,,,,,0.0,0.6,0.3
2020-03-07,3.0,,,,,,,0.0,0.6,0.3
2020-03-08,3.0,,,,,,,0.0,0.6,0.3
2020-03-09,3.0,,,,,,,0.0,0.4,0.3
2020-03-10,3.0,,,,,,,0.0,0.0,0.3
2020-03-11,3.0,113.0,,,,,,0.0,0.0,0.3
2020-03-12,3.0,122.0,,,,,,0.0,0.0,0.3
2020-03-13,3.0,128.0,,,,,,0.0,0.0,0.3
2020-03-14,3.0,128.0,,,,,,0.0,0.0,0.2
2020-03-15,3.0,128.0,,,,,,0.0,0.0,0.0
2020-03-16,3.0,138.0,,,,,,0.0,0.0,0.0
2020-03-17,3.0,149.0,,,,,,0.0,0.0,0.0
2020-03-18,3.0,157.0,1.0,,0.0,0.0,,0.0,0.0,0.0
2020-03-19,3.0,164.0,1.0,,0.0,0.0,,0.0,0.0,0.0
2020-03-20,3.0,164.0,1.0,,0.0,0.0,,0.0,0.0,0.0
2020-03-21,3.0,166.0,1.0,,0.0,0.0,,0.0,0.0,0.0
2020-03-22,4.0,170.0,2.0,,0.0,0.0,,1.0,0.2,0.1
2020-03-23,4.0,180.0,2.0,,0.0,0.0,,0.0,0.2,0.1
2020-03-24,4.0,192.0,2.0,,0.0,0.0,,0.0,0.2,0.1
2020-03-25,5.0,196.0,3.0,,0.0,0.0,,1.0,0.4,0.2
2020-03-26,6.0,210.0,4.0,,0.0,0.0,,1.0,0.6,0.3
2020-03-27,6.0,228.0,4.0,,0.0,0.0,,0.0,0.4,0.3
2020-03-28,6.0,228.0,4.0,,2.0,0.0,,0.0,0.4,0.3
2020-03-29,6.0,228.0,4.0,,2.0,0.0,1.64,0.0,0.4,0.3
2020-03-30,6.0,257.0,4.0,,2.0,0.0,1.64,0.0,0.2,0.3
2020-03-31,6.0,287.0,3.0,,3.0,0.0,1.64,0.0,0.0,0.3
2020-04-01,6.0,287.0,3.0,,3.0,0.0,0.61,0.0,0.0,0.2
2020-04-02,6.0,328.0,3.0,,3.0,0.0,0.0,0.0,0.0,0.2
2020-04-03,7.0,354.0,4.0,,3.0,0.0,0.46,1.0,0.2,0.3
2020-04-04,8.0,396.0,4.0,,3.0,0.0,0.46,1.0,0.4,0.3
2020-04-05,8.0,409.0,5.0,,3.0,0.0,1.0,0.0,0.4,0.2
2020-04-06,13.0,449.0,9.0,,3.0,0.0,2.19,5.0,1.4,0.7
2020-04-07,16.0,455.0,10.0,,3.0,0.0,2.45,3.0,2.0,1.0
2020-04-08,17.0,513.0,14.0,,3.0,0.0,5.54,1.0,2.0,1.1
2020-04-09,17.0,528.0,14.0,,3.0,0.0,,0.0,1.8,1.1
2020-04-10,18.0,557.0,14.0,,3.0,0.0,5.18,1.0,2.0,1.2
2020-04-11,19.0,557.0,16.0,,3.0,0.0,5.9,1.0,1.2,1.3
2020-04-12,23.0,557.0,20.0,,3.0,0.0,4.22,4.0,1.4,1.7
2020-04-13,24.0,657.0,19.0,,5.0,0.0,1.64,1.0,1.4,1.7
2020-04-14,25.0,738.0,20.0,,5.0,0.0,1.47,1.0,1.6,1.7
2020-04-15,28.0,773.0,23.0,,5.0,0.0,1.0,3.0,2.0,2.0
2020-04-16,29.0,885.0,24.0,,5.0,0.0,1.06,1.0,2.0,1.6
2020-04-17,29.0,977.0,25.0,,5.0,0.0,1.21,0.0,1.2,1.3
2020-04-18,29.0,1027.0,25.0,,5.0,0.0,0.94,0.0,1.0,1.2
2020-04-19,29.0,1049.0,19.0,,11.0,0.0,0.58,0.0,0.8,1.2
2020-04-20,29.0,1119.0,15.0,,15.0,0.0,0.61,0.0,0.2,1.1
2020-04-21,29.0,1130.0,15.0,,15.0,0.0,0.61,0.0,0.0,1.0
2020-04-22,29.0,1144.0,16.0,,15.0,0.0,0.4,0.0,0.0,0.6
2020-04-23,29.0,1156.0,16.0,,15.0,0.0,0.28,0.0,0.0,0.5
2020-04-24,29.0,1217.0,15.0,,16.0,0.0,0.16,0.0,0.0,0.4
2020-04-25,29.0,1217.0,13.0,,18.0,0.0,0.18,0.0,0.0,0.1
2020-04-26,29.0,1217.0,13.0,,18.0,0.0,0.25,0.0,0.0,0.0
2020-04-27,29.0,1225.0,14.0,,18.0,0.0,0.46,0.0,0.0,0.0
2020-04-28,29.0,1239.0,9.0,,23.0,0.0,0.28,0.0,0.0,0.0
2020-04-29,29.0,1265.0,8.0,,24.0,0.0,0.46,0.0,0.0,0.0
2020-04-30,32.0,1285.0,8.0,,24.0,0.0,0.61,3.0,0.6,0.3
2020-05-01,34.0,1290.0,10.0,,24.0,0.0,2.19,2.0,1.0,0.5
2020-05-02,34.0,1290.0,10.0,,24.0,0.0,2.19,0.0,1.0,0.5
2020-05-03,35.0,1290.0,11.0,,24.0,0.0,2.69,1.0,1.2,0.6
2020-05-04,36.0,1290.0,12.0,,24.0,0.0,1.34,1.0,1.4,0.7
2020-05-05,37.0,1290.0,13.0,,24.0,0.0,3.16,1.0,1.0,0.8
2020-05-06,37.0,1290.0,13.0,,24.0,0.0,3.16,0.0,0.6,0.8
2020-05-07,37.0,1455.0,13.0,,24.0,0.0,3.16,0.0,0.6,0.8
2020-05-08,37.0,1498.0,4.0,,33.0,,1.0,0.0,0.4,0.8
2020-05-09,37.0,1521.0,4.0,0.0,33.0,0.0,1.0,0.0,0.2,0.8
2020-05-10,37.0,1528.0,4.0,0.0,33.0,0.0,0.61,0.0,0.0,0.5
2020-05-11,37.0,1528.0,4.0,0.0,33.0,0.0,0.75,0.0,0.0,0.3
2020-05-12,37.0,1557.0,4.0,0.0,33.0,0.0,0.0,0.0,0.0,0.3
2020-05-13,37.0,1557.0,4.0,1.0,33.0,0.0,0.0,0.0,0.0,0.2
2020-05-14,37.0,1585.0,4.0,1.0,33.0,0.0,0.0,0.0,0.0,0.1
2020-05-15,37.0,1598.0,4.0,1.0,33.0,0.0,0.0,0.0,0.0,0.0
2020-05-16,37.0,1598.0,4.0,1.0,33.0,0.0,0.0,0.0,0.0,0.0
2020-05-17,37.0,1598.0,4.0,1.0,33.0,0.0,0.0,0.0,0.0,0.0
2020-05-18,37.0,1621.0,3.0,1.0,34.0,0.0,0.0,0.0,0.0,0.0
2020-05-19,37.0,1628.0,3.0,1.0,34.0,0.0,,0.0,0.0,0.0
2020-05-20,37.0,1640.0,3.0,1.0,34.0,0.0,,0.0,0.0,0.0
2020-05-21,37.0,1647.0,3.0,1.0,34.0,0.0,,0.0,0.0,0.0
2020-05-22,37.0,1653.0,3.0,1.0,34.0,0.0,,0.0,0.0,0.0
2020-05-23,37.0,1656.0,3.0,1.0,34.0,0.0,,0.0,0.0,0.0
2020-05-24,37.0,1656.0,3.0,1.0,34.0,0.0,,0.0,0.0,0.0
2020-05-25,37.0,1657.0,2.0,1.0,35.0,0.0,,0.0,0.0,0.0
2020-05-26,37.0,1667.0,2.0,1.0,35.0,0.0,,0.0,0.0,0.0
2020-05-27,37.0,1669.0,2.0,1.0,35.0,0.0,,0.0,0.0,0.0
2020-05-28,37.0,1674.0,2.0,1.0,35.0,0.0,,0.0,0.0,0.0
2020-05-29,37.0,1679.0,2.0,1.0,35.0,0.0,,0.0,0.0,0.0
2020-05-30,37.0,1696.0,2.0,1.0,35.0,0.0,,0.0,0.0,0.0
2020-05-31,37.0,1701.0,2.0,1.0,35.0,0.0,,0.0,0.0,0.0
2020-06-01,37.0,1758.0,2.0,1.0,35.0,0.0,,0.0,0.0,0.0
2020-06-02,37.0,1771.0,1.0,1.0,36.0,0.0,,0.0,0.0,0.0
2020-06-03,37.0,1782.0,1.0,1.0,36.0,0.0,,0.0,0.0,0.0
2020-06-04,37.0,1794.0,1.0,1.0,36.0,0.0,,0.0,0.0,0.0
2020-06-05,37.0,1818.0,1.0,1.0,36.0,0.0,,0.0,0.0,0.0
2020-06-06,37.0,1837.0,1.0,1.0,36.0,0.0,,0.0,0.0,0.0
2020-06-07,37.0,1845.0,1.0,1.0,36.0,0.0,,0.0,0.0,0.0
2020-06-08,37.0,1858.0,1.0,1.0,36.0,0.0,,0.0,0.0,0.0
2020-06-09,37.0,1873.0,1.0,1.0,36.0,0.0,,0.0,0.0,0.0
2020-06-10,37.0,1886.0,1.0,1.0,36.0,0.0,,0.0,0.0,0.0
2020-06-11,37.0,1898.0,1.0,1.0,36.0,0.0,,0.0,0.0,0.0
2020-06-12,37.0,1914.0,1.0,1.0,36.0,0.0,,0.0,0.0,0.0
2020-06-13,37.0,1921.0,1.0,1.0,36.0,0.0,,0.0,0.0,0.0
2020-06-14,37.0,1929.0,1.0,1.0,36.0,0.0,,0.0,0.0,0.0
2020-06-15,37.0,1938.0,1.0,1.0,36.0,0.0,,0.0,0.0,0.0
2020-06-16,37.0,1965.0,1.0,1.0,36.0,0.0,,0.0,0.0,0.0
2020-06-17,37.0,1992.0,1.0,1.0,36.0,0.0,,0.0,0.0,0.0
2020-06-18,37.0,2021.0,1.0,1.0,36.0,0.0,,0.0,0.0,0.0
2020-06-19,37.0,2045.0,1.0,1.0,36.0,0.0,,0.0,0.0,0.0
2020-06-20,37.0,2051.0,1.0,1.0,36.0,0.0,,0.0,0.0,0.0
2020-06-21,37.0,2055.0,1.0,1.0,36.0,0.0,,0.0,0.0,0.0
2020-06-22,37.0,2088.0,0.0,1.0,37.0,0.0,,0.0,0.0,0.0
2020-06-23,37.0,2129.0,0.0,0.0,37.0,0.0,,0.0,0.0,0.0
2020-06-24,37.0,2160.0,0.0,0.0,37.0,0.0,,0.0,0.0,0.0
2020-06-25,37.0,2187.0,0.0,0.0,37.0,0.0,,0.0,0.0,0.0
2020-06-26,37.0,2202.0,0.0,0.0,37.0,0.0,,0.0,0.0,0.0
2020-06-27,37.0,2240.0,0.0,0.0,37.0,0.0,,0.0,0.0,0.0
2020-06-28,37.0,2243.0,0.0,0.0,37.0,0.0,,0.0,0.0,0.0
2020-06-29,37.0,2267.0,0.0,0.0,37.0,0.0,,0.0,0.0,0.0
2020-06-30,37.0,2306.0,0.0,0.0,37.0,0.0,,0.0,0.0,0.0
2020-07-01,37.0,2342.0,0.0,0.0,37.0,0.0,,0.0,0.0,0.0
2020-07-02,37.0,2372.0,0.0,0.0,37.0,0.0,,0.0,0.0,0.0
2020-07-03,37.0,2425.0,0.0,0.0,37.0,0.0,,0.0,0.0,0.0
2020-07-04,37.0,2435.0,0.0,0.0,37.0,0.0,,0.0,0.0,0.0
2020-07-05,37.0,2450.0,0.0,0.0,37.0,0.0,,0.0,0.0,0.0
2020-07-06,37.0,2485.0,0.0,0.0,37.0,0.0,,0.0,0.0,0.0
2020-07-07,37.0,2533.0,0.0,0.0,37.0,0.0,,0.0,0.0,0.0
2020-07-08,37.0,2542.0,0.0,0.0,37.0,0.0,,0.0,0.0,0.0
2020-07-09,37.0,2592.0,0.0,0.0,37.0,0.0,,0.0,0.0,0.0
2020-07-10,37.0,2616.0,0.0,0.0,37.0,0.0,,0.0,0.0,0.0
2020-07-11,37.0,2659.0,0.0,0.0,37.0,0.0,,0.0,0.0,0.0
2020-07-12,37.0,2662.0,0.0,0.0,37.0,0.0,,0.0,0.0,0.0
2020-07-13,37.0,2675.0,0.0,0.0,37.0,0.0,,0.0,0.0,0.0
2020-07-14,37.0,2739.0,0.0,0.0,37.0,0.0,,0.0,0.0,0.0
2020-07-15,37.0,2788.0,0.0,0.0,37.0,0.0,,0.0,0.0,0.0
2020-07-16,38.0,2828.0,1.0,0.0,37.0,0.0,,1.0,0.2,0.1
2020-07-17,41.0,2913.0,4.0,0.0,37.0,0.0,,3.0,0.8,0.4
2020-07-18,42.0,3133.0,5.0,0.0,37.0,0.0,,1.0,1.0,0.5
2020-07-19,42.0,3230.0,5.0,0.0,37.0,0.0,,0.0,1.0,0.5
2020-07-20,42.0,3260.0,5.0,0.0,37.0,0.0,,0.0,1.0,0.5
2020-07-21,42.0,3319.0,5.0,0.0,37.0,0.0,,0.0,0.8,0.5
2020-07-22,43.0,3375.0,5.0,0.0,37.0,0.0,,1.0,0.4,0.6
2020-07-23,47.0,3440.0,10.0,0.0,37.0,0.0,4.8,4.0,1.0,1.0
2020-07-24,47.0,3511.0,10.0,0.0,37.0,0.0,1.34,0.0,1.0,1.0
2020-07-25,47.0,3552.0,10.0,0.0,37.0,0.0,1.0,0.0,1.0,1.0
2020-07-26,49.0,3563.0,10.0,0.0,39.0,0.0,1.27,2.0,1.4,1.1
2020-07-27,50.0,3588.0,11.0,0.0,39.0,0.0,1.4,1.0,1.4,0.9
2020-07-28,51.0,3736.0,12.0,0.0,39.0,0.0,1.52,1.0,0.8,0.9
2020-07-29,53.0,3779.0,14.0,0.0,39.0,0.0,1.44,2.0,1.2,1.1
2020-07-30,53.0,3860.0,14.0,0.0,39.0,0.0,0.75,0.0,1.2,1.1
2020-07-31,53.0,3872.0,12.0,0.0,41.0,0.0,1.0,0.0,0.8,1.1
2020-08-01,58.0,3929.0,17.0,0.0,41.0,0.0,1.76,5.0,1.6,1.5
2020-08-02,58.0,4073.0,17.0,0.0,41.0,0.0,1.2,0.0,1.4,1.1
2020-08-03,58.0,4091.0,15.0,0.0,43.0,0.0,1.0,0.0,1.0,1.1
2020-08-04,59.0,4152.0,13.0,0.0,46.0,0.0,0.92,1.0,1.2,1.2
2020-08-05,60.0,4166.0,12.0,0.0,48.0,0.0,0.78,1.0,1.4,1.1
2020-08-06,64.0,4221.0,15.0,0.0,49.0,0.0,1.54,4.0,1.2,1.4
2020-08-07,64.0,4232.0,14.0,0.0,50.0,0.0,1.54,0.0,1.2,1.3
2020-08-08,70.0,4357.0,20.0,0.0,50.0,0.0,1.06,6.0,2.4,1.7
2020-08-09,76.0,4430.0,24.0,0.0,52.0,0.0,1.64,6.0,3.4,2.3
2020-08-10,78.0,4528.0,25.0,0.0,53.0,0.0,1.92,2.0,3.6,2.5
2020-08-11,78.0,4706.0,25.0,0.0,53.0,0.0,1.85,0.0,2.8,2.0
2020-08-12,78.0,4773.0,25.0,0.0,53.0,0.0,1.96,0.0,2.8,2.0
2020-08-13,81.0,4869.0,24.0,0.0,57.0,0.0,1.36,3.0,2.2,2.3
2020-08-14,82.0,4914.0,24.0,0.0,58.0,0.0,1.42,1.0,1.2,2.3
2020-08-15,82.0,4978.0,24.0,0.0,58.0,0.0,1.0,0.0,0.8,2.2
2020-08-16,83.0,4998.0,25.0,0.0,58.0,0.0,0.51,1.0,1.0,1.9
2020-08-17,83.0,5050.0,18.0,0.0,65.0,0.0,0.37,0.0,1.0,1.9
2020-08-18,84.0,5050.0,18.0,0.0,66.0,0.0,0.39,1.0,0.6,1.4
2020-08-19,89.0,5267.0,22.0,0.0,67.0,0.0,0.7,5.0,1.4,1.3
2020-08-20,100.0,5410.0,30.0,0.0,70.0,0.0,1.08,11.0,3.6,2.2
2020-08-21,100.0,5538.0,30.0,0.0,70.0,0.0,1.0,0.0,3.4,2.2
2020-08-22,107.0,5660.0,33.0,0.0,74.0,0.0,1.69,7.0,4.8,2.9
2020-08-23,111.0,5726.0,35.0,0.0,76.0,0.0,2.69,4.0,5.4,3.0
2020-08-24,114.0,5786.0,38.0,1.0,76.0,0.0,3.68,3.0,5.0,3.2
2020-08-25,120.0,5909.0,44.0,1.0,76.0,0.0,4.18,6.0,4.0,3.8
2020-08-26,135.0,5962.0,58.0,1.0,77.0,0.0,2.78,15.0,7.0,5.2
2020-08-27,141.0,6195.0,60.0,1.0,81.0,0.0,1.73,6.0,6.8,5.8
2020-08-28,151.0,6423.0,64.0,1.0,87.0,0.0,2.1,10.0,8.0,6.7
2020-08-29,158.0,6570.0,75.0,1.0,83.0,0.0,1.66,7.0,8.8,6.9
2020-08-30,164.0,6713.0,80.0,1.0,84.0,0.0,1.58,6.0,8.8,6.4
2020-08-31,168.0,6790.0,79.0,0.0,89.0,0.0,1.49,4.0,6.6,6.8
2020-09-01,170.0,6930.0,81.0,0.0,89.0,0.0,1.24,2.0,5.8,6.3
2020-09-02,175.0,6976.0,82.0,0.0,93.0,0.0,0.9,5.0,4.8,6.4
2020-09-03,178.0,7077.0,75.0,0.0,103.0,0.0,0.93,3.0,4.0,6.4
2020-09-04,178.0,7077.0,75.0,0.0,103.0,0.0,0.63,0.0,2.8,5.8
2020-09-05,181.0,7236.0,73.0,0.0,108.0,0.0,0.57,3.0,2.6,4.6
2020-09-06,184.0,7271.0,72.0,0.0,112.0,0.0,0.5,3.0,2.8,4.3
2020-09-07,184.0,7288.0,55.0,1.0,129.0,0.0,0.42,0.0,1.8,3.3
2020-09-08,184.0,7349.0,55.0,1.0,129.0,0.0,0.4,0.0,1.2,2.6
2020-09-09,189.0,7510.0,41.0,1.0,147.0,0.0,0.47,5.0,2.2,2.5
2020-09-10,193.0,7640.0,42.0,1.0,150.0,1.0,0.52,4.0,2.4,2.5
2020-09-11,194.0,7913.0,42.0,1.0,151.0,1.0,0.69,1.0,2.0,2.4
2020-09-12,194.0,8068.0,42.0,1.0,151.0,1.0,0.67,0.0,2.0,1.9
2020-09-13,194.0,8127.0,42.0,1.0,151.0,1.0,0.61,0.0,2.0,1.6
2020-09-14,194.0,8252.0,41.0,1.0,152.0,1.0,0.71,0.0,1.0,1.6
2020-09-15,194.0,8359.0,25.0,1.0,168.0,1.0,0.79,0.0,0.2,1.3
2020-09-16,194.0,8534.0,25.0,1.0,168.0,1.0,0.48,0.0,0.0,1.0
2020-09-17,195.0,8645.0,24.0,1.0,170.0,1.0,0.24,1.0,0.2,1.1
2020-09-18,195.0,8727.0,23.0,1.0,171.0,1.0,0.14,0.0,0.2,1.1
2020-09-19,195.0,8763.0,21.0,1.0,173.0,1.0,0.16,0.0,0.2,0.6
2020-09-20,195.0,8829.0,20.0,1.0,174.0,1.0,0.19,0.0,0.2,0.2
2020-09-21,195.0,8891.0,16.0,1.0,177.0,1.0,0.19,0.0,0.2,0.1
2020-09-22,195.0,8960.0,9.0,1.0,184.0,1.0,0.19,0.0,0.0,0.1
2020-09-23,195.0,9065.0,9.0,1.0,184.0,2.0,0.32,0.0,0.0,0.1
2020-09-24,195.0,9263.0,7.0,1.0,186.0,2.0,0.0,0.0,0.0,0.1
2020-09-25,195.0,9322.0,5.0,1.0,188.0,2.0,0.0,0.0,0.0,0.1
2020-09-26,196.0,9386.0,5.0,1.0,189.0,2.0,1.0,1.0,0.2,0.2
2020-09-27,198.0,9453.0,6.0,1.0,190.0,2.0,2.19,2.0,0.6,0.3
2020-09-28,198.0,9601.0,6.0,1.0,190.0,2.0,2.19,0.0,0.6,0.3
2020-09-29,200.0,9714.0,9.0,1.0,190.0,2.0,3.6,2.0,1.0,0.5
2020-09-30,201.0,9786.0,9.0,1.0,191.0,2.0,4.01,1.0,1.2,0.6
2020-10-01,201.0,9864.0,8.0,1.0,191.0,2.0,,0.0,1.0,0.6
2020-10-02,201.0,9915.0,7.0,1.0,192.0,2.0,,0.0,0.6,0.6
2020-10-03,201.0,10005.0,6.0,1.0,193.0,2.0,3.16,0.0,0.6,0.6
2020-10-04,201.0,10079.0,6.0,1.0,193.0,2.0,1.0,0.0,0.2,0.6
2020-10-05,201.0,10143.0,6.0,1.0,193.0,2.0,1.0,0.0,0.0,0.6
2020-10-06,204.0,10197.0,7.0,1.0,195.0,2.0,0.61,3.0,0.6,0.8
2020-10-07,206.0,10250.0,7.0,1.0,197.0,2.0,0.67,2.0,1.0,0.8
2020-10-08,207.0,10311.0,8.0,1.0,197.0,2.0,1.0,1.0,1.2,0.9
2020-10-09,208.0,10465.0,9.0,1.0,197.0,2.0,1.12,1.0,1.4,0.8
2020-10-10,209.0,10572.0,10.0,1.0,197.0,2.0,1.4,1.0,1.6,0.8
2020-10-11,209.0,10628.0,10.0,1.0,197.0,2.0,2.01,0.0,1.0,0.8
2020-10-12,209.0,10670.0,9.0,1.0,198.0,2.0,2.01,0.0,0.6,0.8
2020-10-13,209.0,10725.0,9.0,1.0,198.0,2.0,1.44,0.0,0.4,0.8
2020-10-14,209.0,10742.0,8.0,1.0,199.0,2.0,0.81,0.0,0.2,0.8
2020-10-15,209.0,10769.0,6.0,1.0,201.0,2.0,0.46,0.0,0.0,0.8
2020-10-16,209.0,10853.0,4.0,1.0,203.0,2.0,0.25,0.0,0.0,0.5
2020-10-17,209.0,10853.0,4.0,1.0,203.0,2.0,0.0,0.0,0.0,0.3
2020-10-18,209.0,10947.0,2.0,1.0,205.0,2.0,0.0,0.0,0.0,0.2
2020-10-19,209.0,11045.0,2.0,1.0,205.0,2.0,0.0,0.0,0.0,0.1
2020-10-20,209.0,11132.0,2.0,1.0,205.0,2.0,0.0,0.0,0.0,0.0
2020-10-21,210.0,11214.0,3.0,1.0,205.0,2.0,0.46,1.0,0.2,0.1
2020-10-22,211.0,11288.0,3.0,1.0,206.0,2.0,1.0,1.0,0.4,0.2
2020-10-23,213.0,11384.0,5.0,1.0,206.0,2.0,2.69,2.0,0.8,0.4
2020-10-24,213.0,11451.0,5.0,1.0,206.0,2.0,,0.0,0.8,0.4
2020-10-25,213.0,11543.0,5.0,1.0,206.0,2.0,,0.0,0.8,0.4
2020-10-26,213.0,11623.0,5.0,1.0,206.0,2.0,,0.0,0.6,0.4
2020-10-27,213.0,11710.0,5.0,1.0,206.0,2.0,,0.0,0.4,0.4
2020-10-28,213.0,11826.0,4.0,0.0,207.0,2.0,2.19,0.0,0.0,0.4
2020-10-29,213.0,11901.0,4.0,0.0,207.0,2.0,1.0,0.0,0.0,0.4
2020-10-30,213.0,11913.0,4.0,0.0,207.0,2.0,0.0,0.0,0.0,0.4
2020-10-31,213.0,11915.0,4.0,0.0,207.0,2.0,0.0,0.0,0.0,0.3
2020-11-01,213.0,11915.0,4.0,0.0,207.0,2.0,0.0,0.0,0.0,0.2
2020-11-02,213.0,11931.0,4.0,0.0,207.0,2.0,0.0,0.0,0.0,0.0
2020-11-03,215.0,11941.0,4.0,0.0,209.0,2.0,0.61,2.0,0.4,0.2
2020-11-04,215.0,11960.0,4.0,0.0,209.0,2.0,0.75,0.0,0.4,0.2
2020-11-05,223.0,11960.0,11.0,0.0,210.0,2.0,3.16,8.0,2.0,1.0
2020-11-06,223.0,11960.0,12.0,0.0,209.0,2.0,,0.0,2.0,1.0
2020-11-07,225.0,11960.0,14.0,0.0,209.0,2.0,,2.0,2.4,1.2
2020-11-08,225.0,11960.0,14.0,0.0,209.0,2.0,,0.0,2.0,1.2
2020-11-09,225.0,11960.0,13.0,0.0,210.0,2.0,,0.0,2.0,1.2
2020-11-10,231.0,11960.0,18.0,1.0,211.0,2.0,4.42,6.0,1.6,1.8
2020-11-11,233.0,12510.0,20.0,1.0,211.0,2.0,4.8,2.0,2.0,2.0
2020-11-12,234.0,12510.0,21.0,1.0,211.0,2.0,1.07,1.0,1.8,2.1
2020-11-13,248.0,12510.0,34.0,1.0,211.0,2.0,1.92,14.0,4.6,3.3
2020-11-14,258.0,12510.0,44.0,1.0,211.0,2.0,2.06,10.0,6.6,4.3
2020-11-15,266.0,12510.0,49.0,1.0,214.0,2.0,2.41,8.0,7.0,4.3
2020-11-16,267.0,12510.0,49.0,2.0,215.0,2.0,2.45,1.0,6.8,4.4
2020-11-17,279.0,12510.0,58.0,2.0,217.0,2.0,2.19,12.0,9.0,5.4
2020-11-18,285.0,13795.0,59.0,2.0,222.0,2.0,2.13,6.0,7.4,6.0
2020-11-19,303.0,13795.0,76.0,2.0,225.0,2.0,3.71,18.0,9.0,7.8
2020-11-20,326.0,13795.0,98.0,2.0,223.0,2.0,2.25,23.0,12.0,9.5
2020-11-21,343.0,13795.0,109.0,2.0,228.0,2.0,1.97,17.0,15.2,11.0
2020-11-22,352.0,13795.0,116.0,2.0,230.0,2.0,1.7,9.0,14.6,11.8
2020-11-23,356.0,13795.0,120.0,2.0,230.0,2.0,1.71,4.0,14.2,10.8
2020-11-24,357.0,13795.0,120.0,1.0,230.0,2.0,1.4,1.0,10.8,9.9
2020-11-25,364.0,17013.0,119.0,1.0,238.0,2.0,1.34,7.0,7.6,9.8
2020-11-26,368.0,17013.0,117.0,2.0,244.0,2.0,0.95,4.0,5.0,10.1
2020-11-27,373.0,17013.0,112.0,2.0,254.0,2.0,0.69,5.0,4.2,9.4
2020-11-28,382.0,17013.0,105.0,2.0,270.0,2.0,0.56,9.0,5.2,9.7
2020-11-29,385.0,17013.0,91.0,2.0,287.0,2.0,0.49,3.0,5.6,8.2
2020-11-30,387.0,17013.0,77.0,3.0,303.0,2.0,0.46,2.0,4.6,6.1
2020-12-01,392.0,17013.0,61.0,3.0,324.0,2.0,0.57,5.0,4.8,4.9
2020-12-02,399.0,19028.0,66.0,3.0,326.0,2.0,0.56,7.0,5.2,4.7
2020-12-03,403.0,19028.0,59.0,3.0,337.0,2.0,0.65,4.0,4.2,4.7
2020-12-04,407.0,19028.0,59.0,3.0,341.0,2.0,0.81,4.0,4.4,5.0
2020-12-05,410.0,19028.0,57.0,3.0,346.0,2.0,0.8,3.0,4.6,4.6
2020-12-06,411.0,19028.0,51.0,3.0,353.0,2.0,0.86,1.0,3.8,4.3
2020-12-07,415.0,19028.0,52.0,3.0,356.0,2.0,0.95,4.0,3.2,4.2
2020-12-08,419.0,19028.0,52.0,3.0,360.0,2.0,0.83,4.0,3.2,3.7
2020-12-09,423.0,22347.0,51.0,3.0,365.0,2.0,0.76,4.0,3.2,3.8
2020-12-10,428.0,22347.0,54.0,3.0,367.0,2.0,0.79,5.0,3.6,4.1
2020-12-11,430.0,22347.0,51.0,3.0,372.0,2.0,0.76,2.0,3.8,3.8
2020-12-12,434.0,22347.0,52.0,3.0,375.0,2.0,0.9,4.0,3.8,3.5
2020-12-13,436.0,22347.0,47.0,3.0,382.0,2.0,0.97,2.0,3.4,3.3
2020-12-14,438.0,22347.0,43.0,4.0,388.0,2.0,0.87,2.0,3.0,3.1
2020-12-15,441.0,22347.0,46.0,5.0,388.0,2.0,0.86,3.0,2.6,3.1
2020-12-16,442.0,22347.0,41.0,5.0,394.0,2.0,0.85,1.0,2.4,3.1
2020-12-17,446.0,24734.0,45.0,5.0,394.0,2.0,0.79,4.0,2.4,3.1
2020-12-18,454.0,24734.0,50.0,5.0,397.0,2.0,1.03,8.0,3.6,3.5
2020-12-19,459.0,24734.0,53.0,5.0,399.0,2.0,1.03,5.0,4.2,3.6
2020-12-20,465.0,24734.0,56.0,5.0,402.0,2.0,1.11,6.0,4.8,3.7
2020-12-21,469.0,24734.0,54.0,5.0,408.0,2.0,1.24,4.0,5.4,3.9
2020-12-22,473.0,24734.0,57.0,3.0,408.0,3.0,1.31,4.0,5.4,3.9
2020-12-23,487.0,24734.0,68.0,3.0,411.0,3.0,1.85,14.0,6.6,5.1
2020-12-24,495.0,26760.0,76.0,2.0,411.0,3.0,2.04,8.0,7.2,5.7
2020-12-25,504.0,26760.0,83.0,2.0,413.0,3.0,1.69,9.0,7.8,6.3
2020-12-26,517.0,26760.0,93.0,2.0,416.0,3.0,1.82,13.0,9.6,7.5
2020-12-27,525.0,26760.0,97.0,2.0,420.0,3.0,1.68,8.0,10.4,7.9
2020-12-28,538.0,26760.0,103.0,4.0,427.0,3.0,1.77,13.0,10.2,8.4
2020-12-29,562.0,26760.0,116.0,3.0,438.0,3.0,2.08,24.0,13.4,10.3
2020-12-30,573.0,26760.0,117.0,4.0,448.0,3.0,1.59,11.0,13.8,10.8
2020-12-31,588.0,26760.0,120.0,3.0,460.0,3.0,1.58,15.0,14.2,11.9
2021-01-01,590.0,26760.0,118.0,3.0,464.0,3.0,1.47,2.0,13.0,11.7
2021-01-02,593.0,26760.0,115.0,3.0,470.0,3.0,1.21,3.0,11.0,10.6
2021-01-03,598.0,26760.0,114.0,3.0,476.0,3.0,1.15,5.0,7.2,10.3
2021-01-04,610.0,29766.0,122.0,3.0,480.0,3.0,1.03,12.0,7.4,10.6
2021-01-05,633.0,29766.0,129.0,3.0,496.0,3.0,0.85,23.0,9.0,11.6
2021-01-06,641.0,32146.0,117.0,3.0,516.0,3.0,0.85,8.0,10.2,11.6
2021-01-07,657.0,32146.0,124.0,2.0,525.0,3.0,0.81,16.0,12.8,11.9
2021-01-08,669.0,32146.0,121.0,1.0,540.0,3.0,0.94,12.0,14.2,10.7
2021-01-09,686.0,32146.0,124.0,1.0,554.0,3.0,1.16,17.0,15.2,11.3
2021-01-10,707.0,32146.0,143.0,3.0,556.0,3.0,1.33,21.0,14.8,11.9
2021-01-11,720.0,32146.0,144.0,3.0,568.0,3.0,1.35,13.0,15.8,13.0
2021-01-12,730.0,32146.0,149.0,2.0,572.0,4.0,1.25,10.0,14.6,13.7
2021-01-13,743.0,32146.0,149.0,2.0,584.0,5.0,1.34,13.0,14.8,14.5
2021-01-14,761.0,35818.0,151.0,2.0,600.0,5.0,1.34,18.0,15.0,15.1
2021-01-15,780.0,35818.0,160.0,2.0,610.0,5.0,1.27,19.0,14.6,14.7
2021-01-16,817.0,35818.0,187.0,2.0,620.0,5.0,1.28,37.0,19.4,17.6
2021-01-17,834.0,35818.0,191.0,2.0,633.0,5.0,1.12,17.0,20.8,17.7
2021-01-18,922.0,35818.0,273.0,2.0,740.0,5.0,1.54,88.0,35.8,25.3
2021-01-19,969.0,35818.0,299.0,2.0,740.0,5.0,1.9,47.0,41.6,28.3
2021-01-20,987.0,35818.0,315.0,3.0,740.0,5.0,1.86,18.0,41.4,28.0
2021-01-21,997.0,40022.0,307.0,2.0,740.0,5.0,1.8,10.0,36.0,27.7
2021-01-22,1027.0,40022.0,319.0,2.0,701.0,6.0,1.77,30.0,38.6,29.7
2021-01-23,1078.0,40022.0,351.0,2.0,718.0,8.0,1.64,51.0,31.2,33.5
2021-01-24,1101.0,40022.0,363.0,2.0,729.0,8.0,1.7,23.0,26.4,34.0
2021-01-25,1111.0,40022.0,366.0,2.0,735.0,9.0,0.95,10.0,24.8,33.1
2021-01-26,1152.0,40022.0,384.0,2.0,756.0,11.0,0.83,41.0,31.0,33.5
2021-01-27,1170.0,45815.0,368.0,2.0,789.0,12.0,0.81,18.0,28.6,33.6
2021-01-28,1191.0,45815.0,360.0,2.0,816.0,14.0,0.87,21.0,22.6,26.9
2021-01-29,1205.0,45815.0,351.0,2.0,837.0,16.0,0.79,14.0,20.8,23.6
2021-01-30,1219.0,45815.0,341.0,1.0,858.0,19.0,0.64,14.0,21.6,23.2
2021-01-31,1236.0,45815.0,325.0,0.0,889.0,21.0,0.61,17.0,16.8,23.9
2021-02-01,1241.0,45815.0,276.0,0.0,934.0,21.0,0.77,5.0,14.2,21.4
2021-02-02,1251.0,45815.0,277.0,0.0,950.0,23.0,0.64,10.0,12.0,17.3
2021-02-03,1273.0,49814.0,268.0,0.0,980.0,24.0,0.66,22.0,13.6,17.2
2021-02-04,1280.0,49814.0,251.0,0.0,998.0,24.0,0.57,7.0,12.2,16.9
2021-02-05,1284.0,49814.0,218.0,0.0,1040.0,25.0,0.56,4.0,9.6,13.2
2021-02-06,1293.0,49814.0,194.0,0.0,1072.0,26.0,0.63,9.0,10.4,12.3
2021-02-07,1303.0,49814.0,201.0,0.0,1074.0,27.0,0.61,10.0,10.4,11.2
2021-02-08,1309.0,49814.0,183.0,0.0,1097.0,28.0,0.63,6.0,7.2,10.4
2021-02-09,1324.0,49814.0,175.0,0.0,1118.0,30.0,0.8,15.0,8.8,10.5
2021-02-10,1339.0,52858.0,181.0,0.0,1125.0,32.0,0.73,15.0,11.0,10.3
2021-02-11,1345.0,52858.0,184.0,0.0,1127.0,33.0,0.8,6.0,10.4,10.4
2021-02-12,1350.0,52858.0,169.0,0.0,1147.0,33.0,0.88,5.0,9.4,9.9
2021-02-13,1353.0,52858.0,154.0,1.0,1165.0,33.0,0.86,3.0,8.8,8.0
2021-02-14,1355.0,52858.0,145.0,1.0,1174.0,35.0,0.83,2.0,6.2,7.5
2021-02-15,1357.0,52858.0,138.0,1.0,1183.0,35.0,0.78,2.0,3.6,7.3
2021-02-16,1362.0,52858.0,129.0,1.0,1197.0,35.0,0.63,5.0,3.4,6.9
2021-02-17,1364.0,55951.0,113.0,1.0,1215.0,35.0,0.5,2.0,2.8,6.1
2021-02-18,1367.0,55951.0,109.0,1.0,1222.0,35.0,0.46,3.0,2.8,5.8
2021-02-19,1367.0,55951.0,101.0,1.0,1230.0,35.0,0.38,0.0,2.4,4.3
2021-02-20,1368.0,55951.0,99.0,1.0,1233.0,35.0,0.37,1.0,2.2,2.9
2021-02-21,1370.0,55951.0,90.0,1.0,1244.0,35.0,0.41,2.0,1.6,2.5
2021-02-22,1370.0,55951.0,82.0,1.0,1251.0,36.0,0.39,0.0,1.2,2.0
2021-02-23,1371.0,55951.0,74.0,1.0,1260.0,36.0,0.36,1.0,0.8,1.8
2021-02-24,1373.0,58758.0,69.0,0.0,1303.0,36.0,0.48,2.0,1.2,1.8
2021-02-25,1375.0,58758.0,62.0,1.0,1275.0,37.0,0.49,2.0,1.4,1.8
2021-02-26,1378.0,58758.0,59.0,0.0,1280.0,38.0,0.73,3.0,1.6,1.6
2021-02-27,1381.0,58758.0,55.0,0.0,1287.0,38.0,0.9,3.0,2.2,1.7
2021-02-28,1383.0,58758.0,56.0,0.0,1288.0,38.0,0.9,2.0,2.4,1.6
2021-03-01,1383.0,58758.0,51.0,0.0,1292.0,39.0,1.0,0.0,2.0,1.6
2021-03-02,1385.0,58758.0,49.0,0.0,1296.0,39.0,1.37,2.0,2.0,1.7
2021-03-03,1386.0,60724.0,48.0,0.0,1298.0,39.0,1.3,1.0,1.6,1.6
2021-03-04,1386.0,60724.0,44.0,0.0,1301.0,40.0,1.26,0.0,1.0,1.6
2021-03-05,1386.0,60724.0,39.0,0.0,1306.0,40.0,0.8,0.0,0.6,1.5
2021-03-06,1386.0,60724.0,35.0,0.0,1309.0,41.0,0.51,0.0,0.6,1.3
2021-03-07,1387.0,60724.0,32.0,0.0,1313.0,41.0,0.43,1.0,0.4,1.2
2021-03-08,1388.0,60724.0,31.0,0.0,1314.0,42.0,0.51,1.0,0.4,1.0
2021-03-09,1390.0,60724.0,31.0,0.0,1316.0,42.0,0.48,2.0,0.8,0.9
2021-03-10,1390.0,62904.0,26.0,0.0,1321.0,42.0,0.43,0.0,0.8,0.7
2021-03-11,1390.0,62904.0,26.0,0.0,1321.0,42.0,0.49,0.0,0.8,0.7
2021-03-12,1390.0,62904.0,23.0,0.0,1324.0,42.0,0.61,0.0,0.6,0.5
2021-03-13,1391.0,62904.0,24.0,0.0,1324.0,42.0,1.0,1.0,0.6,0.5
2021-03-14,1391.0,62904.0,24.0,0.0,1324.0,42.0,1.0,0.0,0.2,0.5
2021-03-15,1391.0,62904.0,22.0,0.0,1326.0,42.0,0.69,0.0,0.2,0.5
2021-03-16,1394.0,62904.0,19.0,0.0,1331.0,43.0,0.85,3.0,0.8,0.8
2021-03-17,1396.0,64978.0,17.0,0.0,1335.0,43.0,1.34,2.0,1.2,0.9
2021-03-18,1397.0,64978.0,17.0,0.0,1336.0,43.0,1.49,1.0,1.2,0.9
2021-03-19,1398.0,64978.0,18.0,0.0,1336.0,43.0,1.64,1.0,1.4,0.8
2021-03-20,1398.0,64978.0,18.0,0.0,1336.0,43.0,1.27,0.0,1.4,0.8
2021-03-21,1398.0,64978.0,18.0,0.0,1336.0,43.0,1.49,0.0,0.8,0.8
2021-03-22,1398.0,64978.0,18.0,0.0,1336.0,43.0,1.83,0.0,0.4,0.8
2021-03-23,1400.0,64978.0,15.0,0.0,1341.0,43.0,1.34,2.0,0.6,0.9
2021-03-24,1403.0,66920.0,16.0,0.0,1343.0,43.0,1.12,3.0,1.0,1.2
2021-03-25,1404.0,66920.0,15.0,0.0,1345.0,43.0,1.0,1.0,1.2,1.3
2021-03-26,1404.0,66920.0,14.0,0.0,1346.0,43.0,0.81,0.0,1.2,1.0
2021-03-27,1407.0,66920.0,15.0,0.0,1348.0,43.0,1.2,3.0,1.8,1.1
2021-03-28,1407.0,66920.0,15.0,0.0,1348.0,43.0,1.2,0.0,1.4,1.0
2021-03-29,1410.0,66920.0,17.0,0.0,1349.0,43.0,1.47,3.0,1.4,1.2
2021-03-30,1416.0,66920.0,23.0,0.0,1349.0,43.0,2.01,6.0,2.4,1.8
2021-03-31,1419.0,68811.0,24.0,0.0,1351.0,43.0,1.8,3.0,3.0,2.1
2021-04-01,1422.0,68811.0,27.0,0.0,1351.0,43.0,1.96,3.0,3.0,2.4
2021-04-02,1428.0,68811.0,31.0,0.0,1353.0,43.0,2.69,6.0,4.2,2.8
2021-04-03,1436.0,68811.0,37.0,0.0,1355.0,43.0,2.31,8.0,5.2,3.3
2021-04-04,1439.0,68811.0,38.0,0.0,1357.0,43.0,2.47,3.0,4.6,3.5
2021-04-05,1440.0,68811.0,38.0,0.0,1358.0,43.0,1.92,1.0,4.2,3.6
2021-04-06,1441.0,68811.0,36.0,0.0,1361.0,43.0,1.38,1.0,3.8,3.4
2021-04-07,1444.0,68811.0,37.0,0.0,1363.0,43.0,1.38,3.0,3.2,3.7
2021-04-08,1449.0,71202.0,40.0,0.0,1368.0,43.0,1.34,5.0,2.6,3.9
2021-04-09,1456.0,71202.0,43.0,0.0,1369.0,43.0,1.12,7.0,3.4,4.0
2021-04-10,1459.0,71202.0,40.0,0.0,1375.0,43.0,0.85,3.0,3.8,4.0
2021-04-11,1462.0,71202.0,38.0,0.0,1380.0,43.0,0.79,3.0,4.2,4.0
2021-04-12,1463.0,71202.0,38.0,0.0,1383.0,43.0,0.83,1.0,3.8,3.5
2021-04-13,1469.0,71202.0,43.0,0.0,1382.0,43.0,1.08,6.0,4.0,3.3
2021-04-14,1474.0,74020.0,46.0,0.0,1384.0,43.0,1.14,5.0,3.6,3.5
2021-04-15,1486.0,74020.0,54.0,0.0,1388.0,43.0,1.25,12.0,5.4,4.6
2021-04-16,1504.0,74020.0,70.0,0.0,1390.0,43.0,1.47,18.0,8.4,6.3
2021-04-17,1541.0,74020.0,106.0,0.0,1418.0,43.0,2.48,37.0,15.6,9.7
2021-04-18,1554.0,74020.0,114.0,0.0,1396.0,43.0,2.69,13.0,17.0,10.5
2021-04-19,1571.0,74020.0,126.0,0.0,1401.0,43.0,3.02,17.0,19.4,11.5
2021-04-20,1594.0,74020.0,144.0,0.0,1406.0,43.0,2.91,23.0,21.6,13.5
2021-04-21,1618.0,77872.0,163.0,0.0,1411.0,43.0,3.07,24.0,22.8,15.6
2021-04-22,1641.0,77872.0,184.0,0.0,1413.0,43.0,2.78,23.0,20.0,17.8
2021-04-23,1675.0,77872.0,212.0,0.0,1419.0,43.0,2.48,34.0,24.2,20.6
2021-04-24,1698.0,77872.0,225.0,0.0,1429.0,43.0,1.59,23.0,25.4,22.4
2021-04-25,1720.0,77872.0,242.0,1.0,1433.0,43.0,1.52,22.0,25.2,23.4
2021-04-26,1726.0,77872.0,232.0,1.0,1449.0,43.0,1.29,6.0,21.6,22.2
2021-04-27,1766.0,77872.0,240.0,1.0,1481.0,43.0,1.25,40.0,25.0,22.5
2021-04-28,1792.0,82172.0,260.0,3.0,1487.0,43.0,1.14,26.0,23.4,23.8
2021-04-29,1825.0,82172.0,276.0,3.0,1503.0,44.0,1.13,33.0,25.4,25.4
2021-04-30,1836.0,82172.0,263.0,4.0,1527.0,44.0,0.95,11.0,23.2,24.2
2021-05-01,1862.0,82172.0,271.0,6.0,1545.0,44.0,1.03,26.0,27.2,24.4
2021-05-02,1891.0,82172.0,270.0,6.0,1573.0,46.0,1.03,29.0,25.0,25.0
2021-05-03,1903.0,82172.0,266.0,6.0,1589.0,46.0,1.1,12.0,22.2,22.8
2021-05-04,1915.0,82172.0,262.0,6.0,1605.0,46.0,0.91,12.0,18.0,21.7
2021-05-05,1927.0,82172.0,248.0,6.0,1631.0,46.0,0.84,12.0,18.2,20.7
2021-05-06,1953.0,82172.0,249.0,6.0,1656.0,46.0,0.77,26.0,18.2,22.7
2021-05-07,1984.0,82172.0,257.0,6.0,1679.0,46.0,0.95,31.0,18.6,21.8
2021-05-08,2023.0,82172.0,283.0,6.0,1692.0,46.0,0.99,39.0,24.0,23.1
2021-05-09,2065.0,82172.0,306.0,5.0,1709.0,48.0,1.01,42.0,30.0,24.0
2021-05-10,2123.0,82172.0,338.0,5.0,1734.0,49.0,1.17,58.0,39.2,28.7
2021-05-11,2172.0,82172.0,373.0,4.0,1748.0,49.0,1.48,49.0,43.8,31.0
2021-05-12,2233.0,82172.0,428.0,6.0,1754.0,49.0,1.79,61.0,49.8,34.2
2021-05-13,2281.0,92132.0,448.0,6.0,1781.0,50.0,1.96,48.0,51.6,37.8
2021-05-14,2339.0,92132.0,477.0,7.0,1809.0,51.0,1.87,58.0,54.8,42.4
2021-05-15,2388.0,92132.0,497.0,6.0,1838.0,51.0,1.79,49.0,53.0,46.1
2021-05-16,2425.0,92132.0,491.0,6.0,1881.0,51.0,1.68,37.0,50.6,47.2
2021-05-17,2442.0,92132.0,487.0,7.0,1900.0,53.0,1.3,17.0,41.8,45.8
2021-05-18,2508.0,92132.0,534.0,8.0,1919.0,53.0,1.21,66.0,45.4,48.5
2021-05-19,2564.0,98010.0,546.0,9.0,1961.0,55.0,1.06,56.0,45.0,49.9
2021-05-20,2611.0,98010.0,548.0,10.0,2006.0,55.0,1.0,47.0,44.6,48.8
2021-05-21,2647.0,98010.0,553.0,10.0,2036.0,56.0,0.9,36.0,44.4,47.5
2021-05-22,2683.0,98010.0,540.0,10.0,2084.0,57.0,0.86,36.0,48.2,45.0
2021-05-23,2738.0,98010.0,576.0,8.0,2103.0,57.0,0.9,55.0,46.0,45.7
2021-05-24,2763.0,98010.0,577.0,9.0,2126.0,58.0,1.0,25.0,39.8,42.4
2021-05-25,2792.0,98010.0,551.0,8.0,2181.0,58.0,0.89,29.0,36.2,40.4
2021-05-26,2833.0,103923.0,523.0,7.0,2248.0,60.0,0.86,41.0,37.2,40.8
2021-05-27,2867.0,103923.0,531.0,7.0,2274.0,60.0,0.83,34.0,36.8,42.5
2021-05-28,2883.0,103923.0,491.0,7.0,2330.0,60.0,0.83,16.0,29.0,37.5
2021-05-29,2904.0,103923.0,450.0,6.0,2392.0,60.0,0.81,21.0,28.2,34.0
2021-05-30,2912.0,103923.0,433.0,6.0,2417.0,60.0,0.66,8.0,24.0,30.1
2021-05-31,2926.0,103923.0,417.0,6.0,2445.0,62.0,0.62,14.0,18.6,27.9
2021-06-01,2941.0,103923.0,372.0,7.0,2503.0,64.0,0.63,15.0,14.8,25.8
2021-06-02,2958.0,108624.0,356.0,6.0,2536.0,64.0,0.58,17.0,15.0,22.0
2021-06-03,2970.0,108624.0,330.0,5.0,2573.0,65.0,0.52,12.0,13.2,20.7
2021-06-04,2983.0,108624.0,312.0,5.0,2604.0,65.0,0.54,13.0,14.2,19.1
2021-06-05,2993.0,108624.0,264.0,6.0,2662.0,65.0,0.52,10.0,13.4,16.0
2021-06-06,2996.0,108624.0,257.0,6.0,2670.0,67.0,0.59,3.0,11.0,12.9
2021-06-07,3002.0,108624.0,240.0,6.0,2692.0,68.0,0.58,6.0,8.8,11.9
2021-06-08,3021.0,108624.0,226.0,4.0,2724.0,69.0,0.64,19.0,10.2,11.7
2021-06-09,3036.0,108624.0,222.0,3.0,2743.0,69.0,0.71,15.0,10.6,12.4
2021-06-10,3047.0,108624.0,203.0,3.0,2773.0,69.0,0.81,11.0,10.8,12.1
2021-06-11,3060.0,113166.0,185.0,3.0,2804.0,69.0,0.83,13.0,12.8,11.9
2021-06-12,3067.0,113166.0,179.0,2.0,2817.0,69.0,0.88,7.0,13.0,10.9
2021-06-13,3068.0,113166.0,168.0,2.0,2829.0,69.0,0.9,1.0,9.4,9.8
2021-06-14,3071.0,113166.0,162.0,2.0,2836.0,71.0,0.93,3.0,7.0,8.8
2021-06-15,3086.0,113166.0,158.0,2.0,2855.0,71.0,0.86,15.0,7.8,9.3
2021-06-16,3092.0,116931.0,148.0,2.0,2871.0,71.0,0.79,6.0,6.4,9.6
2021-06-17,3092.0,116931.0,135.0,2.0,2884.0,71.0,0.68,0.0,5.0,9.0
2021-06-18,3097.0,116931.0,129.0,1.0,2895.0,71.0,0.59,5.0,5.8,7.6
2021-06-19,3103.0,116931.0,116.0,1.0,2914.0,71.0,0.6,6.0,6.4,6.7
2021-06-20,3110.0,116931.0,114.0,1.0,2922.0,72.0,0.68,7.0,4.8,6.3
2021-06-21,3113.0,116931.0,103.0,1.0,2935.0,73.0,0.7,3.0,4.2,5.3
2021-06-22,3118.0,116931.0,87.0,1.0,2956.0,73.0,0.6,5.0,5.2,5.1
2021-06-23,3119.0,119622.0,83.0,1.0,2960.0,74.0,0.59,1.0,4.4,5.1
2021-06-24,3121.0,119622.0,77.0,1.0,2966.0,76.0,0.73,2.0,3.6,5.0
2021-06-25,3127.0,119622.0,75.0,1.0,2973.0,77.0,0.86,6.0,3.4,4.1
2021-06-26,3132.0,119622.0,65.0,1.0,2988.0,77.0,0.86,5.0,3.8,4.0
2021-06-27,3134.0,119622.0,61.0,1.0,2994.0,77.0,0.67,2.0,3.2,4.2
2021-06-28,3135.0,119622.0,60.0,1.0,2996.0,77.0,0.63,1.0,3.2,3.8
2021-06-29,3135.0,119622.0,52.0,1.0,3004.0,77.0,0.64,0.0,2.8,3.2
2021-06-30,3143.0,122050.0,58.0,2.0,3006.0,77.0,0.92,8.0,3.2,3.3
2021-07-01,3147.0,122050.0,58.0,2.0,3010.0,77.0,0.92,4.0,3.0,3.4
2021-07-02,3154.0,122050.0,58.0,2.0,3017.0,77.0,0.93,7.0,4.0,3.6
2021-07-03,3159.0,122050.0,58.0,2.0,3021.0,78.0,0.95,5.0,4.8,4.0
2021-07-04,3161.0,122050.0,54.0,1.0,3025.0,80.0,1.09,2.0,5.2,4.0
2021-07-05,3162.0,122050.0,52.0,1.0,3028.0,80.0,1.16,1.0,3.8,3.5
2021-07-06,3164.0,122050.0,46.0,1.0,3036.0,80.0,1.46,2.0,3.4,3.2
2021-07-07,3165.0,124469.0,45.0,1.0,3038.0,80.0,0.94,1.0,2.2,3.1
2021-07-08,3171.0,124469.0,44.0,1.0,3045.0,80.0,0.94,6.0,2.4,3.6
2021-07-09,3173.0,124469.0,40.0,1.0,3051.0,80.0,0.78,2.0,2.4,3.8
2021-07-10,3175.0,124469.0,38.0,1.0,3055.0,80.0,0.69,2.0,2.6,3.2
2021-07-11,3177.0,124469.0,38.0,1.0,3057.0,80.0,0.69,2.0,2.6,3.0
2021-07-12,3177.0,124469.0,37.0,1.0,3058.0,80.0,0.66,0.0,2.4,2.3
2021-07-13,3179.0,124469.0,32.0,1.0,3065.0,80.0,0.62,2.0,1.6,2.0
2021-07-14,3182.0,124469.0,31.0,1.0,3069.0,80.0,0.83,3.0,1.8,2.1
2021-07-15,3183.0,126574.0,26.0,1.0,3075.0,80.0,0.61,1.0,1.6,2.1
2021-07-16,3187.0,126574.0,28.0,1.0,3077.0,80.0,0.8,4.0,2.0,2.3
2021-07-17,3193.0,126574.0,33.0,1.0,3078.0,80.0,1.09,6.0,3.2,2.8
2021-07-18,3195.0,126574.0,32.0,1.0,3081.0,80.0,1.09,2.0,3.2,2.4
2021-07-19,3195.0,126574.0,32.0,1.0,3081.0,80.0,1.14,0.0,2.6,2.2
2021-07-20,3198.0,126574.0,35.0,1.0,3081.0,80.0,1.18,3.0,3.0,2.3
2021-07-21,3202.0,128696.0,38.0,1.0,3082.0,80.0,1.12,4.0,3.0,2.5
2021-07-22,3206.0,128696.0,42.0,1.0,3082.0,80.0,1.59,4.0,2.6,2.9
2021-07-23,3206.0,128696.0,36.0,0.0,3088.0,80.0,1.24,0.0,2.2,2.7
2021-07-24,3208.0,128696.0,36.0,0.0,3090.0,80.0,0.88,2.0,2.6,2.6
2021-07-25,3213.0,128696.0,36.0,0.0,3095.0,80.0,1.0,5.0,3.0,3.0
2021-07-26,3220.0,128696.0,40.0,0.0,3098.0,80.0,1.26,7.0,3.6,3.3
2021-07-27,3229.0,128696.0,45.0,0.0,3102.0,80.0,1.42,9.0,4.6,3.6
2021-07-28,3239.0,130605.0,46.0,0.0,3111.0,80.0,1.55,10.0,6.6,4.4
2021-07-29,3255.0,130605.0,62.0,0.0,3111.0,80.0,1.72,16.0,9.4,6.0
2021-07-30,3282.0,130605.0,91.0,0.0,3109.0,80.0,2.69,27.0,13.8,8.4
2021-07-31,3299.0,130605.0,107.0,0.0,3110.0,80.0,3.62,17.0,15.8,9.7
2021-08-01,3308.0,130605.0,113.0,0.0,3113.0,80.0,3.28,9.0,15.8,10.2
2021-08-02,3311.0,130605.0,113.0,0.0,3116.0,80.0,2.52,3.0,14.4,10.5
2021-08-03,3326.0,130605.0,121.0,0.0,3123.0,80.0,2.26,15.0,14.2,11.8
2021-08-04,3353.0,133190.0,147.0,0.0,3124.0,80.0,2.23,27.0,14.2,14.0
2021-08-05,3370.0,133190.0,152.0,0.0,3136.0,80.0,1.84,17.0,14.2,15.0
2021-08-06,3391.0,133190.0,165.0,0.0,3144.0,80.0,1.29,21.0,16.6,16.2
2021-08-07,3422.0,133190.0,179.0,0.0,3161.0,80.0,1.24,31.0,22.2,18.3
2021-08-08,3446.0,133190.0,192.0,0.0,3172.0,80.0,1.31,24.0,24.0,19.1
2021-08-09,3466.0,133190.0,189.0,1.0,3195.0,80.0,1.46,20.0,22.6,18.4
2021-08-10,3498.0,133190.0,219.0,1.0,3197.0,80.0,1.51,32.0,25.6,19.9
2021-08-11,3545.0,136504.0,240.0,1.0,3223.0,80.0,1.45,47.0,30.8,23.7
2021-08-12,3602.0,136504.0,297.0,3.0,3223.0,80.0,1.65,57.0,36.0,29.1
2021-08-13,3663.0,136504.0,326.0,3.0,3255.0,80.0,1.92,61.0,43.4,33.7
2021-08-14,3732.0,136504.0,365.0,2.0,3285.0,80.0,1.94,69.0,53.2,37.9
2021-08-15,3770.0,136504.0,389.0,2.0,3299.0,80.0,1.84,38.0,54.4,40.0
2021-08-16,3817.0,136504.0,413.0,2.0,3322.0,80.0,1.79,47.0,54.4,42.6
2021-08-17,3892.0,136504.0,405.0,2.0,3405.0,80.0,1.81,75.0,58.0,47.0
2021-08-18,3997.0,140551.0,515.0,3.0,3400.0,80.0,1.84,105.0,66.8,55.1
2021-08-19,4116.0,140551.0,584.0,3.0,3450.0,80.0,1.77,119.0,76.8,65.0
2021-08-20,4210.0,140551.0,632.0,3.0,3496.0,80.0,1.65,94.0,88.0,71.2
2021-08-21,4296.0,140551.0,720.0,2.0,3494.0,80.0,1.53,86.0,95.8,75.1
2021-08-22,4360.0,140551.0,745.0,3.0,3533.0,80.0,1.53,64.0,93.6,75.8
2021-08-23,4416.0,140551.0,765.0,2.0,3566.0,83.0,1.46,56.0,83.8,75.3
2021-08-24,4496.0,140551.0,777.0,3.0,3634.0,83.0,1.36,80.0,76.0,76.4
2021-08-25,4557.0,147535.0,774.0,2.0,3696.0,85.0,1.17,61.0,69.4,78.7
2021-08-26,4633.0,147535.0,804.0,3.0,3742.0,85.0,1.0,76.0,67.4,81.6
2021-08-27,4707.0,147535.0,797.0,2.0,3823.0,85.0,0.93,74.0,69.4,81.5
2021-08-28,4788.0,147535.0,772.0,2.0,3929.0,85.0,0.91,81.0,74.4,79.1
2021-08-29,4841.0,147535.0,746.0,3.0,4008.0,85.0,0.86,53.0,69.0,72.5
2021-08-30,4884.0,147535.0,695.0,4.0,4102.0,85.0,0.84,43.0,65.4,67.4
2021-08-31,4954.0,147535.0,684.0,3.0,4183.0,85.0,0.82,70.0,64.2,65.8
2021-09-01,5031.0,155099.0,701.0,2.0,4242.0,86.0,0.89,77.0,64.8,67.1
2021-09-02,5085.0,155099.0,664.0,2.0,4333.0,86.0,0.91,54.0,59.4,66.9
2021-09-03,5137.0,155099.0,654.0,1.0,4394.0,87.0,0.9,52.0,59.2,64.1
2021-09-04,5203.0,155099.0,647.0,2.0,4467.0,87.0,0.89,66.0,63.8,64.6
2021-09-05,5245.0,155099.0,641.0,3.0,4515.0,87.0,0.88,42.0,58.2,61.2
2021-09-06,5267.0,155099.0,574.0,4.0,4604.0,87.0,0.87,22.0,47.2,56.0
2021-09-07,5298.0,155099.0,541.0,6.0,4668.0,87.0,0.82,31.0,42.6,51.0
2021-09-08,5328.0,155099.0,514.0,5.0,4725.0,87.0,0.72,30.0,38.2,48.7
2021-09-09,5357.0,166210.0,479.0,5.0,4789.0,87.0,0.7,29.0,30.8,47.3
2021-09-10,5381.0,166210.0,450.0,4.0,4842.0,87.0,0.67,24.0,27.2,42.7
2021-09-11,5406.0,166210.0,392.0,3.0,4925.0,87.0,0.6,25.0,27.8,37.5
2021-09-12,5417.0,166210.0,348.0,3.0,4979.0,87.0,0.54,11.0,23.8,33.2
2021-09-13,5426.0,166210.0,318.0,3.0,5018.0,88.0,0.53,9.0,19.6,28.9
2021-09-14,5431.0,166210.0,267.0,1.0,5074.0,88.0,0.51,5.0,14.8,22.8
2021-09-15,5447.0,173420.0,234.0,1.0,5123.0,88.0,0.52,16.0,13.2,20.2
2021-09-16,5472.0,173420.0,207.0,1.0,5174.0,88.0,0.54,25.0,13.2,20.5
2021-09-17,5476.0,173420.0,182.0,1.0,5206.0,88.0,0.51,4.0,11.8,17.8
2021-09-18,5491.0,173420.0,159.0,1.0,5242.0,88.0,0.54,15.0,13.0,16.3
2021-09-19,5501.0,173420.0,146.0,1.0,5266.0,88.0,0.6,10.0,14.0,14.4
2021-09-20,5507.0,173420.0,133.0,1.0,5286.0,88.0,0.62,6.0,12.0,12.6
2021-09-21,5517.0,173420.0,126.0,0.0,5303.0,89.0,0.73,10.0,9.0,11.1
2021-09-22,5527.0,179174.0,120.0,0.0,5317.0,89.0,0.75,10.0,10.2,11.0
2021-09-23,5536.0,179174.0,115.0,0.0,5331.0,89.0,0.66,9.0,9.0,11.0
2021-09-24,5544.0,179174.0,116.0,0.0,5339.0,89.0,0.79,8.0,8.6,11.3
2021-09-25,5555.0,179174.0,110.0,0.0,5354.0,89.0,0.82,11.0,9.6,10.8
2021-09-26,5559.0,179174.0,96.0,0.0,5372.0,89.0,0.77,4.0,8.4,8.7
2021-09-27,5561.0,179174.0,91.0,0.0,5379.0,89.0,0.75,2.0,6.8,8.5
2021-09-28,5565.0,179174.0,93.0,0.0,5386.0,89.0,0.66,4.0,5.8,7.4
2021-09-29,5573.0,182635.0,84.0,0.0,5402.0,89.0,0.67,8.0,5.8,7.2
2021-09-30,5579.0,182635.0,81.0,0.0,5416.0,89.0,0.75,6.0,4.8,7.2
2021-10-01,5588.0,182635.0,76.0,0.0,5425.0,89.0,0.73,9.0,5.8,7.1
2021-10-02,5592.0,182635.0,57.0,0.0,5446.0,89.0,0.68,4.0,6.2,6.5
2021-10-03,5603.0,182635.0,63.0,0.0,5451.0,89.0,0.82,11.0,7.6,6.7
2021-10-04,5608.0,182635.0,65.0,0.0,5454.0,89.0,0.91,5.0,7.0,6.4
2021-10-05,5613.0,182635.0,65.0,0.0,5460.0,90.0,1.0,5.0,6.8,5.8
2021-10-06,5616.0,186064.0,64.0,0.0,5462.0,90.0,0.95,3.0,5.6,5.7
2021-10-07,5619.0,186064.0,62.0,0.0,5467.0,90.0,0.95,3.0,5.4,5.8
2021-10-08,5628.0,186064.0,60.0,0.0,5479.0,90.0,0.93,9.0,5.0,6.3
2021-10-09,5643.0,186064.0,69.0,0.0,5483.0,90.0,1.26,15.0,7.0,7.0
2021-10-10,5646.0,186064.0,65.0,0.0,5490.0,90.0,0.98,3.0,6.6,6.7
2021-10-11,5647.0,186064.0,62.0,0.0,5493.0,91.0,0.88,1.0,6.2,5.9
2021-10-12,5658.0,186064.0,65.0,0.0,5503.0,91.0,0.95,11.0,7.8,6.6
2021-10-13,5668.0,189336.0,70.0,0.0,5508.0,91.0,1.15,10.0,8.0,6.5
2021-10-14,5672.0,189336.0,61.0,0.0,5517.0,92.0,1.22,4.0,5.8,6.4
2021-10-15,5674.0,189336.0,60.0,0.0,5521.0,92.0,1.1,2.0,5.6,6.1
2021-10-16,5684.0,189336.0,62.0,0.0,5528.0,92.0,0.86,10.0,7.4,6.8
2021-10-17,5688.0,189336.0,61.0,0.0,5534.0,92.0,0.98,4.0,6.0,6.9
2021-10-18,5692.0,189336.0,60.0,0.0,5539.0,92.0,1.11,4.0,4.8,6.4
2021-10-19,5695.0,189336.0,53.0,0.0,5549.0,92.0,0.87,3.0,4.6,5.2
2021-10-20,5699.0,192183.0,46.0,0.0,5560.0,92.0,0.69,4.0,5.0,5.3
2021-10-21,5700.0,192183.0,41.0,0.0,5565.0,93.0,0.63,1.0,3.2,5.3
2021-10-22,5705.0,192183.0,39.0,0.0,5571.0,93.0,0.75,5.0,3.4,4.7
2021-10-23,5706.0,192183.0,40.0,0.0,5573.0,93.0,0.64,1.0,2.8,3.8
2021-10-24,5711.0,192183.0,37.0,0.0,5580.0,93.0,0.65,5.0,3.2,3.9
2021-10-25,5712.0,192183.0,35.0,0.0,5583.0,93.0,0.56,1.0,2.6,3.8
2021-10-26,5714.0,192183.0,32.0,0.0,5588.0,93.0,0.62,2.0,2.8,3.0
2021-10-27,5715.0,194711.0,27.0,0.0,5594.0,93.0,0.62,1.0,2.0,2.7
2021-10-28,5720.0,194711.0,31.0,0.0,5596.0,93.0,0.79,5.0,2.8,2.8
2021-10-29,5732.0,194711.0,38.0,0.0,5599.0,93.0,0.91,12.0,4.2,3.7
2021-10-30,5736.0,194711.0,36.0,0.0,5605.0,93.0,1.25,4.0,4.8,3.7
2021-10-31,5739.0,194711.0,40.0,0.0,5606.0,93.0,1.15,3.0,5.0,3.9
2021-11-01,5740.0,194711.0,40.0,0.0,5607.0,93.0,1.27,1.0,5.0,3.5
2021-11-02,5748.0,194711.0,38.0,0.0,5613.0,93.0,1.52,8.0,5.6,4.2
2021-11-03,5748.0,197624.0,37.0,0.0,5614.0,93.0,1.68,0.0,3.2,3.7
2021-11-04,5748.0,197624.0,34.0,0.0,5617.0,93.0,1.27,0.0,2.4,3.6
2021-11-05,5753.0,197624.0,39.0,0.0,5619.0,93.0,0.84,5.0,2.8,3.9
2021-11-06,5758.0,197624.0,37.0,0.0,5624.0,93.0,0.8,5.0,3.6,4.3
2021-11-07,5762.0,197624.0,36.0,0.0,5629.0,93.0,0.87,4.0,2.8,4.2
2021-11-08,5768.0,197624.0,37.0,0.0,5634.0,93.0,1.0,6.0,4.0,3.6
2021-11-09,5769.0,197624.0,37.0,0.0,5636.0,93.0,0.71,1.0,4.2,3.3
2021-11-10,5775.0,199962.0,36.0,0.0,5642.0,93.0,0.87,6.0,4.4,3.6
2021-11-11,5786.0,199962.0,43.0,0.0,5646.0,93.0,1.24,11.0,5.6,4.6
2021-11-12,5788.0,199962.0,43.0,0.0,5648.0,93.0,1.44,2.0,5.2,4.0
2021-11-13,5789.0,199962.0,40.0,0.0,5652.0,93.0,1.28,1.0,4.2,4.1
2021-11-14,5790.0,199962.0,40.0,0.0,5653.0,93.0,1.15,1.0,4.2,4.2
2021-11-15,5790.0,199962.0,39.0,0.0,5654.0,93.0,0.84,0.0,3.0,3.7
2021-11-16,5790.0,199962.0,31.0,0.0,5662.0,93.0,1.0,0.0,0.8,3.2
2021-11-17,5791.0,202677.0,28.0,0.0,5666.0,93.0,0.69,1.0,0.6,2.9
2021-11-18,5791.0,202677.0,21.0,0.0,5673.0,93.0,0.23,0.0,0.4,2.3
2021-11-19,5791.0,202677.0,17.0,0.0,5677.0,93.0,0.17,0.0,0.2,2.2
2021-11-20,5797.0,202677.0,17.0,0.0,5678.0,93.0,0.38,6.0,1.4,2.2
2021-11-21,5797.0,202677.0,7.0,0.0,5688.0,93.0,0.37,0.0,1.4,1.1
2021-11-22,5797.0,202677.0,5.0,0.0,5690.0,93.0,0.44,0.0,1.2,0.9
2021-11-23,5798.0,202677.0,4.0,0.0,5691.0,93.0,0.5,1.0,1.4,0.9
2021-11-24,5798.0,204869.0,3.0,0.0,5692.0,93.0,0.55,0.0,1.4,0.8
2021-11-25,5800.0,204869.0,3.0,0.0,5692.0,93.0,1.52,2.0,0.6,1.0
2021-11-26,5800.0,204869.0,3.0,0.0,5692.0,93.0,2.19,0.0,0.6,1.0
2021-11-27,5800.0,204869.0,2.0,0.0,5693.0,93.0,0.5,0.0,0.6,0.9
2021-11-28,5800.0,204869.0,2.0,0.0,5693.0,93.0,0.55,0.0,0.4,0.9
2021-11-29,5800.0,204869.0,0.0,0.0,5695.0,93.0,0.55,0.0,0.4,0.9
2021-11-30,5806.0,204869.0,3.0,0.0,5695.0,93.0,1.0,6.0,1.2,0.9
2021-12-01,5807.0,206698.0,4.0,0.0,5695.0,93.0,1.2,1.0,1.4,1.0
2021-12-02,5807.0,206698.0,4.0,0.0,5695.0,93.0,0.84,0.0,1.4,1.0
2021-12-03,5807.0,206698.0,2.0,0.0,5697.0,93.0,0.84,0.0,1.4,0.9
2021-12-04,5807.0,206698.0,2.0,0.0,5697.0,93.0,1.83,0.0,1.4,0.9
2021-12-05,5807.0,206698.0,2.0,0.0,5697.0,93.0,1.83,0.0,0.2,0.7
2021-12-06,5807.0,206698.0,2.0,0.0,5697.0,93.0,1.83,0.0,0.0,0.7
2021-12-07,5807.0,206698.0,2.0,0.0,5697.0,93.0,0.23,0.0,0.0,0.7
2021-12-08,5809.0,208959.0,0.0,0.0,5699.0,93.0,0.34,2.0,0.4,0.9
2021-12-09,5809.0,208959.0,0.0,0.0,5699.0,93.0,0.41,0.0,0.4,0.9
2021-12-10,5809.0,208959.0,1.0,0.0,5699.0,93.0,0.41,0.0,0.4,0.3
2021-12-11,5810.0,208959.0,1.0,0.0,5699.0,93.0,0.55,1.0,0.6,0.3
2021-12-12,5810.0,208959.0,1.0,0.0,5699.0,93.0,0.55,0.0,0.6,0.3
2021-12-13,5810.0,208959.0,1.0,0.0,5699.0,93.0,0.55,0.0,0.2,0.3
2021-12-14,5810.0,208959.0,1.0,0.0,5699.0,93.0,2.19,0.0,0.2,0.3
2021-12-15,5811.0,211176.0,2.0,0.0,5699.0,93.0,1.0,1.0,0.4,0.4
2021-12-16,5811.0,211176.0,2.0,0.0,5699.0,93.0,1.0,0.0,0.2,0.4
2021-12-17,5812.0,211176.0,3.0,0.0,5699.0,93.0,1.34,1.0,0.4,0.5
2021-12-18,5812.0,211176.0,3.0,0.0,5699.0,93.0,0.75,0.0,0.4,0.3
2021-12-19,5812.0,211176.0,3.0,0.0,5699.0,93.0,0.75,0.0,0.4,0.3
2021-12-20,5813.0,211176.0,4.0,0.0,5699.0,93.0,1.0,1.0,0.4,0.4
2021-12-21,5816.0,211176.0,7.0,0.0,5699.0,93.0,1.64,3.0,1.0,0.6
2021-12-22,5816.0,213348.0,7.0,0.0,5699.0,93.0,1.92,0.0,0.8,0.6
2021-12-23,5817.0,213348.0,8.0,0.0,5699.0,93.0,2.19,1.0,1.0,0.7
2021-12-24,5819.0,213348.0,10.0,0.0,5699.0,93.0,1.83,2.0,1.4,0.9
2021-12-25,5822.0,213348.0,12.0,0.0,5700.0,93.0,3.16,3.0,1.8,1.1
2021-12-26,5823.0,213348.0,12.0,0.0,5701.0,93.0,3.38,1.0,1.4,1.2
2021-12-27,5827.0,213348.0,16.0,0.0,5701.0,93.0,3.01,4.0,2.2,1.5
2021-12-28,5834.0,215836.0,18.0,0.0,5703.0,93.0,2.19,7.0,3.4,2.2
2021-12-29,5845.0,215836.0,27.0,0.0,5704.0,93.0,3.51,11.0,5.2,3.3
2021-12-30,5854.0,215836.0,34.0,0.0,5706.0,93.0,3.67,9.0,6.4,4.1
2021-12-31,5871.0,215836.0,47.0,0.0,5708.0,93.0,4.19,17.0,9.6,5.5
2022-01-01,5886.0,215836.0,64.0,0.0,5708.0,93.0,1.7,15.0,11.8,7.0
2022-01-02,5906.0,215836.0,77.0,0.0,5715.0,93.0,1.79,20.0,14.4,8.9
2022-01-03,5964.0,215836.0,133.0,0.0,5715.0,93.0,1.92,58.0,23.8,14.5
2022-01-04,6027.0,215836.0,210.0,0.0,5717.0,93.0,1.97,63.0,34.6,20.5
2022-01-05,6103.0,222391.0,307.0,0.0,5724.0,93.0,1.85,76.0,46.4,28.0
2022-01-06,6175.0,222391.0,457.0,0.0,5755.0,93.0,1.84,72.0,57.8,34.8
2022-01-07,6319.0,222391.0,658.0,1.0,5734.0,93.0,1.81,144.0,82.6,48.5
2022-01-08,6420.0,222391.0,793.0,1.0,5753.0,93.0,1.75,101.0,91.2,57.5
2022-01-09,6525.0,222391.0,929.0,1.0,5769.0,93.0,1.67,105.0,99.6,67.1
2022-01-10,6627.0,222391.0,1013.0,1.0,5786.0,93.0,1.44,102.0,104.8,75.6
2022-01-11,6706.0,222391.0,1142.0,1.0,5800.0,93.0,1.3,79.0,106.2,82.0
2022-01-12,6869.0,235060.0,1292.0,2.0,5831.0,93.0,1.24,163.0,110.0,96.3
2022-01-13,6982.0,235060.0,1470.0,2.0,5871.0,93.0,1.18,113.0,112.4,101.8
2022-01-14,7137.0,235060.0,1699.0,2.0,5910.0,93.0,1.1,155.0,122.4,111.0
2022-01-15,7313.0,235060.0,1882.0,2.0,5946.0,94.0,1.13,176.0,137.2,121.0
2022-01-16,7488.0,235060.0,1915.0,2.0,6113.0,94.0,1.13,175.0,156.4,131.3
2022-01-17,7674.0,235060.0,1968.0,2.0,6312.0,94.0,1.19,186.0,161.0,135.5
2022-01-18,7949.0,235060.0,1979.0,2.0,6560.0,94.0,1.26,275.0,193.4,152.9
2022-01-19,8272.0,256718.0,2142.0,1.0,6717.0,94.0,1.29,323.0,227.0,174.7
2022-01-20,8686.0,256718.0,2310.0,1.0,6844.0,94.0,1.33,414.0,274.6,205.9
2022-01-21,9113.0,256718.0,2436.0,1.0,7025.0,94.0,1.38,427.0,325.0,240.7
2022-01-22,9474.0,256718.0,2535.0,1.0,7265.0,95.0,1.33,361.0,360.0,260.5
2022-01-23,9786.0,256718.0,2677.0,1.0,7476.0,95.0,1.32,312.0,367.4,280.4
2022-01-24,10093.0,256718.0,2719.0,1.0,7727.0,95.0,1.28,307.0,364.2,295.6
2022-01-25,10551.0,256718.0,2956.0,2.0,7875.0,95.0,1.24,458.0,373.0,323.8
2022-01-26,10969.0,278857.0,3117.0,2.0,8129.0,95.0,1.19,418.0,371.2,348.1
2022-01-27,11423.0,278857.0,3381.0,1.0,8310.0,95.0,1.14,454.0,389.8,374.9
2022-01-28,11864.0,278857.0,3437.0,2.0,8599.0,97.0,1.09,441.0,415.6,391.5
2022-01-29,12323.0,278857.0,3562.0,2.0,8859.0,99.0,1.08,459.0,446.0,405.1
2022-01-30,12636.0,278857.0,3515.0,3.0,9287.0,100.0,1.07,313.0,417.0,395.0
2022-01-31,12814.0,278857.0,3414.0,3.0,9643.0,100.0,1.04,178.0,369.0,370.1
2022-02-01,13152.0,278857.0,3459.0,3.0,9919.0,102.0,1.0,338.0,345.8,367.8
2022-02-02,13410.0,300663.0,3482.0,3.0,10199.0,103.0,0.98,258.0,309.2,362.4
2022-02-03,13814.0,300663.0,3561.0,3.0,10507.0,104.0,0.97,404.0,298.2,372.1
2022-02-04,14066.0,300663.0,3509.0,3.0,10903.0,104.0,0.94,252.0,286.0,351.5
2022-02-05,14327.0,300663.0,3456.0,3.0,11276.0,104.0,0.91,261.0,302.6,335.8
2022-02-06,14578.0,300663.0,3122.0,2.0,11895.0,105.0,0.9,251.0,285.2,315.5
2022-02-07,14738.0,300663.0,3040.0,2.0,12125.0,107.0,0.91,160.0,265.6,287.4
2022-02-08,15088.0,300663.0,2820.0,2.0,12718.0,107.0,0.93,350.0,254.8,276.5
2022-02-09,15403.0,318320.0,2783.0,2.0,13105.0,107.0,0.95,315.0,267.4,276.7
2022-02-10,15717.0,318320.0,2669.0,2.0,13545.0,107.0,0.94,314.0,278.0,290.3
2022-02-11,16025.0,318320.0,2572.0,2.0,13941.0,108.0,0.97,308.0,289.4,287.3
2022-02-12,16216.0,318320.0,2477.0,2.0,14252.0,109.0,0.99,191.0,295.6,280.6
2022-02-13,16475.0,318320.0,2413.0,2.0,14547.0,111.0,1.0,259.0,277.4,266.1
2022-02-14,16652.0,318320.0,2336.0,2.0,14821.0,111.0,0.99,177.0,249.8,258.6
2022-02-15,17023.0,318320.0,2413.0,1.0,15086.0,111.0,0.99,371.0,261.2,269.6
2022-02-16,17368.0,339555.0,2443.0,2.0,15376.0,111.0,1.0,345.0,268.6,279.0
2022-02-17,17652.0,339555.0,2466.0,2.0,15665.0,112.0,1.02,284.0,287.2,291.4
2022-02-18,17913.0,339555.0,2465.0,2.0,15927.0,112.0,1.11,261.0,287.6,282.5
2022-02-19,18192.0,339555.0,2480.0,3.0,16178.0,113.0,1.15,279.0,308.0,278.9
2022-02-20,18436.0,339555.0,2427.0,3.0,16504.0,114.0,1.17,244.0,282.6,271.9
2022-02-21,18620.0,339555.0,2400.0,3.0,16747.0,116.0,1.18,184.0,250.4,259.5
2022-02-22,18923.0,377372.0,2395.0,3.0,16996.0,119.0,1.18,303.0,254.2,270.7
2022-02-23,19230.0,377372.0,2460.0,4.0,17248.0,120.0,1.16,307.0,263.4,275.5
2022-02-24,19426.0,377372.0,2436.0,4.0,17503.0,121.0,1.13,196.0,246.8,277.4
2022-02-25,19703.0,377372.0,2401.0,4.0,17823.0,123.0,0.95,277.0,253.4,268.0
2022-02-26,20009.0,377372.0,2409.0,3.0,18054.0,125.0,0.91,306.0,277.8,264.1
2022-02-27,20240.0,377372.0,2378.0,3.0,18342.0,126.0,0.88,231.0,263.4,258.8
2022-02-28,20399.0,377372.0,2291.0,3.0,18619.0,129.0,0.89,159.0,233.8,248.6
2022-03-01,20706.0,377372.0,2369.0,3.0,18821.0,130.0,0.88,307.0,256.0,251.4
2022-03-02,21025.0,407169.0,2403.0,3.0,19091.0,130.0,0.88,319.0,264.4,258.9
2022-03-03,21333.0,407169.0,2453.0,2.0,19308.0,133.0,0.91,308.0,264.8,271.3
2022-03-04,21616.0,407169.0,2499.0,2.0,19569.0,136.0,0.99,283.0,275.2,269.3
2022-03-05,21920.0,407169.0,2465.0,2.0,19901.0,137.0,1.0,304.0,304.2,269.0
2022-03-06,22201.0,407169.0,2526.0,2.0,20124.0,138.0,1.02,281.0,299.0,277.5
2022-03-07,22365.0,407169.0,2485.0,2.0,20347.0,140.0,0.99,164.0,268.0,266.2
2022-03-08,22814.0,407169.0,2704.0,3.0,20522.0,144.0,1.02,449.0,296.2,280.5
2022-03-09,23154.0,440054.0,2813.0,3.0,20742.0,147.0,1.02,340.0,307.6,291.4
2022-03-10,23515.0,440054.0,2911.0,4.0,21036.0,148.0,1.01,361.0,319.0,311.6
2022-03-11,23788.0,440054.0,2892.0,4.0,21304.0,149.0,1.01,273.0,317.4,308.2
2022-03-12,24103.0,440054.0,2851.0,2.0,21648.0,149.0,1.02,315.0,347.6,307.8
2022-03-13,24310.0,440054.0,2834.0,2.0,21928.0,151.0,1.01,207.0,299.2,297.7
2022-03-14,24481.0,440054.0,2765.0,2.0,22154.0,153.0,1.03,171.0,265.4,286.5
2022-03-15,24788.0,440054.0,2831.0,2.0,22392.0,153.0,0.99,307.0,254.6,286.8
2022-03-16,25112.0,462176.0,2778.0,1.0,22786.0,156.0,0.98,324.0,264.8,291.1
2022-03-17,25409.0,462176.0,2714.0,1.0,23139.0,157.0,0.97,297.0,261.2,304.4
2022-03-18,25658.0,462176.0,2515.0,1.0,23551.0,158.0,0.96,249.0,269.6,284.4
2022-03-19,25912.0,462176.0,2391.0,1.0,23904.0,159.0,0.95,254.0,286.2,275.8
2022-03-20,26104.0,462176.0,2346.0,1.0,24150.0,160.0,0.95,192.0,263.2,258.9
2022-03-21,26276.0,462176.0,2269.0,1.0,24396.0,160.0,0.95,172.0,232.8,248.8
2022-03-22,26416.0,462176.0,2168.0,1.0,24649.0,161.0,0.95,140.0,201.4,231.3
2022-03-23,26695.0,473883.0,2145.0,1.0,24914.0,161.0,0.94,279.0,207.4,238.5
2022-03-24,26959.0,473883.0,2026.0,1.0,25299.0,162.0,0.94,264.0,209.4,247.8
2022-03-25,27206.0,473883.0,2011.0,1.0,25571.0,162.0,0.95,247.0,220.4,241.8
2022-03-26,27445.0,473883.0,2006.0,1.0,25816.0,162.0,0.95,239.0,233.8,233.3
2022-03-27,27652.0,473883.0,2021.0,1.0,26035.0,162.0,0.96,207.0,247.2,224.3
2022-03-28,27808.0,473883.0,1960.0,1.0,26245.0,162.0,0.96,156.0,222.6,215.0
2022-03-29,28164.0,473883.0,2052.0,1.0,26454.0,163.0,1.02,356.0,241.0,225.2
2022-03-30,28494.0,484444.0,2180.0,1.0,26644.0,163.0,1.04,330.0,257.6,239.0
2022-03-31,28837.0,484444.0,2345.0,1.0,26809.0,164.0,1.06,343.0,278.4,256.1
2022-04-01,29141.0,484444.0,2483.0,1.0,27034.0,164.0,1.06,304.0,297.8,272.5
2022-04-02,29470.0,484444.0,2521.0,1.0,27282.0,164.0,1.08,329.0,332.4,277.5
2022-04-03,29718.0,484444.0,2580.0,1.0,27512.0,164.0,1.08,248.0,310.8,275.9
2022-04-04,29874.0,484444.0,363.0,1.0,27647.0,165.0,1.09,156.0,276.0,266.8
2022-04-05,30196.0,484444.0,2645.0,1.0,27904.0,166.0,1.04,322.0,271.8,275.1
2022-04-06,30568.0,484444.0,2665.0,0.0,28171.0,166.0,1.04,372.0,285.4,291.6
2022-04-07,30924.0,484444.0,2819.0,0.0,28386.0,167.0,1.03,356.0,290.8,311.6
2022-04-08,31280.0,495987.0,2793.0,1.0,28778.0,167.0,1.03,356.0,312.4,311.6
2022-04-09,31594.0,495987.0,2771.0,1.0,29145.0,167.0,1.01,314.0,344.0,310.0
2022-04-10,31839.0,495987.0,2767.0,1.0,29447.0,167.0,1.01,245.0,328.6,300.2
2022-04-11,32019.0,495987.0,2546.0,1.0,29829.0,167.0,1.01,180.0,290.2,287.8
2022-04-12,32330.0,495987.0,2704.0,1.0,29990.0,170.0,1.01,311.0,281.2,286.0
2022-04-13,32619.0,507518.0,2638.0,1.0,30336.0,170.0,1.0,289.0,267.8,290.1
2022-04-14,32893.0,507518.0,2618.0,1.0,30621.0,170.0,0.98,274.0,259.8,301.9
2022-04-15,33129.0,507518.0,2558.0,1.0,30930.0,170.0,0.96,236.0,258.0,293.3
2022-04-16,33351.0,507518.0,2438.0,1.0,31257.0,170.0,0.95,222.0,266.4,278.3
2022-04-17,33536.0,507518.0,2376.0,1.0,31511.0,170.0,0.94,185.0,241.2,261.2
2022-04-18,33646.0,507518.0,2166.0,1.0,31839.0,171.0,0.92,110.0,205.4,236.6
2022-04-19,33890.0,507518.0,2111.0,1.0,32142.0,172.0,0.91,244.0,199.4,229.6
2022-04-20,34167.0,517521.0,2075.0,1.0,32443.0,172.0,0.92,277.0,207.6,232.8
2022-04-21,34384.0,517521.0,2087.0,1.0,32640.0,172.0,0.92,217.0,206.6,236.5
2022-04-22,34587.0,517521.0,2071.0,1.0,32904.0,172.0,0.93,203.0,210.2,225.7
2022-04-23,34779.0,517521.0,2020.0,1.0,33173.0,172.0,0.94,192.0,226.6,216.0
2022-04-24,34928.0,517521.0,2005.0,1.0,33363.0,173.0,0.95,149.0,207.6,203.5
2022-04-25,35032.0,517521.0,1885.0,1.0,33582.0,173.0,0.96,104.0,173.0,190.3
2022-04-26,35260.0,517521.0,1968.0,2.0,33730.0,173.0,0.96,228.0,175.2,190.9
2022-04-27,35491.0,527281.0,1974.0,2.0,33975.0,173.0,0.96,231.0,180.8,195.5
2022-04-28,35679.0,527281.0,1982.0,1.0,34152.0,173.0,0.96,188.0,180.0,203.3
2022-04-29,35842.0,527281.0,1916.0,1.0,34368.0,173.0,0.96,163.0,182.8,195.2
2022-04-30,35953.0,527281.0,1763.0,1.0,34634.0,173.0,0.95,111.0,184.2,178.6
2022-05-01,36118.0,527281.0,1789.0,1.0,34780.0,173.0,0.96,165.0,171.6,173.4
2022-05-02,36210.0,527281.0,1692.0,1.0,34983.0,173.0,0.96,92.0,143.8,162.3
2022-05-03,36447.0,527281.0,1657.0,1.0,35228.0,173.0,0.97,237.0,153.6,166.8
2022-05-04,36592.0,535464.0,1661.0,1.0,35394.0,173.0,0.96,145.0,150.0,166.4
2022-05-05,36829.0,535464.0,1597.0,1.0,35655.0,173.0,0.97,237.0,175.2,179.7
2022-05-06,37071.0,535464.0,1551.0,2.0,35845.0,173.0,0.99,242.0,190.6,181.1
2022-05-07,37365.0,535464.0,1622.0,1.0,36050.0,174.0,1.05,294.0,231.0,187.4
2022-05-08,37593.0,535464.0,1663.0,1.0,36230.0,174.0,1.06,228.0,229.2,191.4
2022-05-09,37780.0,535464.0,1723.0,1.0,36343.0,174.0,1.09,187.0,237.6,193.8
2022-05-10,38153.0,535464.0,1968.0,1.0,36458.0,174.0,1.11,373.0,264.8,220.0
2022-05-11,38469.0,543637.0,2095.0,1.0,36662.0,174.0,1.16,316.0,279.6,235.1
2022-05-12,38868.0,543637.0,2279.0,1.0,36769.0,174.0,1.18,399.0,300.6,265.8
2022-05-13,39181.0,543637.0,2421.0,1.0,37035.0,174.0,1.17,313.0,317.6,273.4
2022-05-14,39506.0,543637.0,2492.0,1.0,37282.0,175.0,1.13,325.0,345.2,291.4
2022-05-15,39768.0,543637.0,2566.0,2.0,37483.0,175.0,1.12,262.0,323.0,293.9
2022-05-16,39944.0,543637.0,2516.0,2.0,37714.0,175.0,1.1,176.0,295.0,287.3
2022-05-17,40361.0,543637.0,2669.0,2.0,37899.0,175.0,1.08,417.0,298.6,299.6
2022-05-18,40703.0,555904.0,2788.0,2.0,38170.0,175.0,1.05,342.0,304.4,311.0
2022-05-19,41033.0,555904.0,2770.0,2.0,38549.0,175.0,1.02,330.0,305.4,325.3
2022-05-20,41327.0,555904.0,2851.0,2.0,38777.0,175.0,1.0,294.0,311.8,317.4
2022-05-21,41638.0,555904.0,2767.0,1.0,39148.0,175.0,1.0,311.0,338.8,316.9
2022-05-22,41869.0,555904.0,2680.0,1.0,39505.0,175.0,0.99,231.0,301.6,300.1
2022-05-23,42015.0,555904.0,2596.0,1.0,39773.0,175.0,0.99,146.0,262.4,283.4
2022-05-24,42383.0,555904.0,2583.0,1.0,40123.0,175.0,0.98,368.0,270.0,287.7
2022-05-25,42697.0,567065.0,2593.0,1.0,40434.0,175.0,0.97,314.0,274.0,292.9
2022-05-26,42981.0,567065.0,2596.0,1.0,40731.0,175.0,0.97,284.0,268.6,303.7
2022-05-27,43224.0,567065.0,2561.0,1.0,41045.0,176.0,0.97,243.0,271.0,286.3
2022-05-28,43515.0,567065.0,2482.0,1.0,41402.0,176.0,0.96,291.0,300.0,281.2
2022-05-29,43697.0,567065.0,2396.0,1.0,41716.0,176.0,0.96,182.0,262.8,266.4
2022-05-30,43815.0,567065.0,2268.0,1.0,41983.0,176.0,0.96,118.0,223.6,248.8
2022-05-31,44100.0,567065.0,2254.0,1.0,42259.0,176.0,0.95,285.0,223.8,246.2
2022-06-01,44346.0,578248.0,2222.0,1.0,42519.0,176.0,0.95,246.0,224.4,247.7
2022-06-02,44605.0,578248.0,2173.0,1.0,42825.0,176.0,0.95,259.0,218.0,259.0
2022-06-03,44795.0,578248.0,2078.0,0.0,43120.0,177.0,0.95,190.0,219.6,241.2
2022-06-04,45023.0,578248.0,2023.0,0.0,43401.0,177.0,0.94,228.0,241.6,232.6
2022-06-05,45166.0,578248.0,1927.0,0.0,43650.0,177.0,0.94,143.0,213.2,218.5
2022-06-06,45262.0,578248.0,1806.0,0.0,43884.0,177.0,0.94,96.0,183.2,203.8
2022-06-07,45498.0,578248.0,1796.0,0.0,44099.0,178.0,0.94,236.0,178.6,198.3
2022-06-08,45668.0,587797.0,1741.0,0.0,44303.0,178.0,0.94,170.0,174.6,197.1
2022-06-09,45877.0,587797.0,1740.0,0.0,44500.0,178.0,0.93,209.0,170.8,206.2
2022-06-10,46001.0,587797.0,1618.0,1.0,44770.0,178.0,0.93,124.0,167.0,190.1
2022-06-11,46163.0,587797.0,1510.0,0.0,45041.0,178.0,0.92,162.0,180.2,181.7
2022-06-12,46252.0,587797.0,1402.0,0.0,45241.0,178.0,0.92,89.0,150.8,164.7
2022-06-13,46304.0,587797.0,1289.0,0.0,45430.0,178.0,0.91,52.0,127.2,150.9
2022-06-14,46494.0,587797.0,1268.0,0.0,45596.0,178.0,0.91,190.0,123.4,147.1
2022-06-15,46624.0,596201.0,1257.0,0.0,45740.0,178.0,0.91,130.0,124.6,145.8
2022-06-16,46766.0,596201.0,1233.0,0.0,45906.0,178.0,0.9,142.0,120.6,150.4
2022-06-17,46890.0,596201.0,1227.0,0.0,46053.0,178.0,0.92,124.0,127.6,139.2
2022-06-18,47030.0,596201.0,1180.0,0.0,46227.0,178.0,0.92,140.0,145.2,136.2
2022-06-19,47139.0,596201.0,1150.0,0.0,46379.0,178.0,0.94,109.0,129.0,126.2
2022-06-20,47187.0,596201.0,1090.0,0.0,46509.0,178.0,0.95,48.0,112.6,118.6
2022-06-21,47320.0,596201.0,1070.0,0.0,46647.0,179.0,0.95,133.0,110.8,115.7
2022-06-22,47453.0,603857.0,1088.0,0.0,46742.0,180.0,0.96,133.0,112.6,120.1
2022-06-23,47598.0,603857.0,1121.0,0.0,46869.0,180.0,0.98,145.0,113.6,129.4
2022-06-24,47704.0,603857.0,1092.0,0.0,47017.0,181.0,0.98,106.0,113.0,121.0
2022-06-25,47857.0,603857.0,1121.0,0.0,47134.0,181.0,0.99,153.0,134.0,123.3
2022-06-26,47973.0,603857.0,1137.0,0.0,47261.0,181.0,0.98,116.0,130.6,120.7
2022-06-27,48033.0,603857.0,1088.0,0.0,47391.0,181.0,0.99,60.0,116.0,114.3
2022-06-28,48287.0,603857.0,1191.0,0.0,47485.0,181.0,1.05,254.0,137.8,125.7
2022-06-29,48469.0,611547.0,1278.0,0.0,47626.0,181.0,1.06,182.0,153.0,133.0
2022-06-30,48635.0,611547.0,1375.0,0.0,47722.0,181.0,1.06,166.0,155.6,144.8
2022-07-01,48815.0,611547.0,1433.0,0.0,47839.0,181.0,1.09,180.0,168.4,149.5
2022-07-02,48976.0,611547.0,1458.0,0.0,47977.0,181.0,1.09,161.0,188.6,152.3
2022-07-03,49132.0,611547.0,1532.0,0.0,48083.0,181.0,1.1,156.0,169.0,153.4
2022-07-04,49250.0,611547.0,1521.0,0.0,48203.0,181.0,1.11,118.0,156.2,154.6
2022-07-05,49556.0,611547.0,1681.0,0.0,48349.0,181.0,1.08,306.0,184.2,169.9
2022-07-06,49833.0,619372.0,1774.0,0.0,48533.0,181.0,1.09,277.0,203.6,186.0
2022-07-07,50126.0,619372.0,1901.0,0.0,48699.0,181.0,1.11,293.0,230.0,209.3
2022-07-08,50416.0,619372.0,1996.0,0.0,48894.0,181.0,1.11,290.0,256.8,212.9
2022-07-09,50720.0,619372.0,2108.0,0.0,49086.0,181.0,1.14,304.0,294.0,225.1
2022-07-10,51014.0,619372.0,2224.0,0.0,49264.0,181.0,1.15,294.0,291.6,237.9
2022-07-11,51216.0,619372.0,2276.0,0.0,49414.0,181.0,1.15,202.0,276.6,240.1
2022-07-12,51743.0,619372.0,2652.0,0.0,49565.0,181.0,1.17,527.0,323.4,276.7
2022-07-13,52255.0,629555.0,3034.0,0.0,49695.0,181.0,1.18,512.0,367.8,312.3
2022-07-14,52927.0,629555.0,3436.0,0.0,49965.0,181.0,1.2,672.0,441.4,367.7
2022-07-15,53551.0,629555.0,3737.0,0.0,50288.0,181.0,1.21,624.0,507.4,399.5
2022-07-16,54321.0,629555.0,4290.0,0.0,50505.0,181.0,1.23,770.0,621.0,448.8
2022-07-17,55093.0,629555.0,4681.0,0.0,50885.0,182.0,1.25,772.0,670.0,496.7
2022-07-18,55517.0,629555.0,4859.0,0.0,51131.0,182.0,1.25,424.0,652.4,510.1
